taskId,label,o_Efficiency,o_Mass flow,c_Design,o_Pressure ratio,c_Speed,c_Factor Name,c_Factor Value,o_fakePressure,s_rotor1,s_rotor2,s_rotor3,s_stator1,s_stator2,s_stator3,c2d_rotor1_exit,c2d_rotor2_exit,c2d_rotor3_exit,c2d_stator1_exit,c2d_stator2_exit,c2d_stator3_exit
.\data\task_0,Design A 100% p2_140000,83.14588,51.75308,Design A,1.709583,1,DA,0.96,170958.3,.\data\comp3stg\task_0\rotor1\Mis_line1d_mid_rotor1_task_0.json,.\data\comp3stg\task_0\rotor2\Mis_line1d_mid_rotor2_task_0.json,.\data\comp3stg\task_0\rotor3\Mis_line1d_mid_rotor3_task_0.json,.\data\comp3stg\task_0\stator1\Mis_line1d_mid_stator1_task_0.json,.\data\comp3stg\task_0\stator2\Mis_line1d_mid_stator2_task_0.json,.\data\comp3stg\task_0\stator3\Mis_line1d_mid_stator3_task_0.json,.\data\comp3stg\task_0\rotor1\ent_area2d_exit_rotor1_task_0.json,.\data\comp3stg\task_0\rotor2\ent_area2d_exit_rotor2_task_0.json,.\data\comp3stg\task_0\rotor3\ent_area2d_exit_rotor3_task_0.json,.\data\comp3stg\task_0\stator1\ent_area2d_exit_stator1_task_0.json,.\data\comp3stg\task_0\stator2\ent_area2d_exit_stator2_task_0.json,.\data\comp3stg\task_0\stator3\ent_area2d_exit_stator3_task_0.json
.\data\task_1,Design A 100% p2_150000,86.79959,51.73464,Design A,1.78694,1,GAC,1,178694,.\data\comp3stg\task_1\rotor1\Mis_line1d_mid_rotor1_task_1.json,.\data\comp3stg\task_1\rotor2\Mis_line1d_mid_rotor2_task_1.json,.\data\comp3stg\task_1\rotor3\Mis_line1d_mid_rotor3_task_1.json,.\data\comp3stg\task_1\stator1\Mis_line1d_mid_stator1_task_1.json,.\data\comp3stg\task_1\stator2\Mis_line1d_mid_stator2_task_1.json,.\data\comp3stg\task_1\stator3\Mis_line1d_mid_stator3_task_1.json,.\data\comp3stg\task_1\rotor1\ent_area2d_exit_rotor1_task_1.json,.\data\comp3stg\task_1\rotor2\ent_area2d_exit_rotor2_task_1.json,.\data\comp3stg\task_1\rotor3\ent_area2d_exit_rotor3_task_1.json,.\data\comp3stg\task_1\stator1\ent_area2d_exit_stator1_task_1.json,.\data\comp3stg\task_1\stator2\ent_area2d_exit_stator2_task_1.json,.\data\comp3stg\task_1\stator3\ent_area2d_exit_stator3_task_1.json
.\data\task_2,Design A 100% p2_160000,90.1798,51.50609,Design A,1.866424,1,DA,1.04,186642.4,.\data\comp3stg\task_2\rotor1\Mis_line1d_mid_rotor1_task_2.json,.\data\comp3stg\task_2\rotor2\Mis_line1d_mid_rotor2_task_2.json,.\data\comp3stg\task_2\rotor3\Mis_line1d_mid_rotor3_task_2.json,.\data\comp3stg\task_2\stator1\Mis_line1d_mid_stator1_task_2.json,.\data\comp3stg\task_2\stator2\Mis_line1d_mid_stator2_task_2.json,.\data\comp3stg\task_2\stator3\Mis_line1d_mid_stator3_task_2.json,.\data\comp3stg\task_2\rotor1\ent_area2d_exit_rotor1_task_2.json,.\data\comp3stg\task_2\rotor2\ent_area2d_exit_rotor2_task_2.json,.\data\comp3stg\task_2\rotor3\ent_area2d_exit_rotor3_task_2.json,.\data\comp3stg\task_2\stator1\ent_area2d_exit_stator1_task_2.json,.\data\comp3stg\task_2\stator2\ent_area2d_exit_stator2_task_2.json,.\data\comp3stg\task_2\stator3\ent_area2d_exit_stator3_task_2.json
.\data\task_3,Design A 100% p2_170000,91.62632,50.80947,Design A,1.946122,1,GAC,0.96,194612.2,.\data\comp3stg\task_3\rotor1\Mis_line1d_mid_rotor1_task_3.json,.\data\comp3stg\task_3\rotor2\Mis_line1d_mid_rotor2_task_3.json,.\data\comp3stg\task_3\rotor3\Mis_line1d_mid_rotor3_task_3.json,.\data\comp3stg\task_3\stator1\Mis_line1d_mid_stator1_task_3.json,.\data\comp3stg\task_3\stator2\Mis_line1d_mid_stator2_task_3.json,.\data\comp3stg\task_3\stator3\Mis_line1d_mid_stator3_task_3.json,.\data\comp3stg\task_3\rotor1\ent_area2d_exit_rotor1_task_3.json,.\data\comp3stg\task_3\rotor2\ent_area2d_exit_rotor2_task_3.json,.\data\comp3stg\task_3\rotor3\ent_area2d_exit_rotor3_task_3.json,.\data\comp3stg\task_3\stator1\ent_area2d_exit_stator1_task_3.json,.\data\comp3stg\task_3\stator2\ent_area2d_exit_stator2_task_3.json,.\data\comp3stg\task_3\stator3\ent_area2d_exit_stator3_task_3.json
.\data\task_4,Design A 100% p2_180000,92.43139,49.77055,Design A,2.025783,1,DA,1,202578.3,.\data\comp3stg\task_4\rotor1\Mis_line1d_mid_rotor1_task_4.json,.\data\comp3stg\task_4\rotor2\Mis_line1d_mid_rotor2_task_4.json,.\data\comp3stg\task_4\rotor3\Mis_line1d_mid_rotor3_task_4.json,.\data\comp3stg\task_4\stator1\Mis_line1d_mid_stator1_task_4.json,.\data\comp3stg\task_4\stator2\Mis_line1d_mid_stator2_task_4.json,.\data\comp3stg\task_4\stator3\Mis_line1d_mid_stator3_task_4.json,.\data\comp3stg\task_4\rotor1\ent_area2d_exit_rotor1_task_4.json,.\data\comp3stg\task_4\rotor2\ent_area2d_exit_rotor2_task_4.json,.\data\comp3stg\task_4\rotor3\ent_area2d_exit_rotor3_task_4.json,.\data\comp3stg\task_4\stator1\ent_area2d_exit_stator1_task_4.json,.\data\comp3stg\task_4\stator2\ent_area2d_exit_stator2_task_4.json,.\data\comp3stg\task_4\stator3\ent_area2d_exit_stator3_task_4.json
.\data\task_5,Design A 100% p2_190000,93.04564,48.54064,Design A,2.10606,1,GAC,1.04,210606,.\data\comp3stg\task_5\rotor1\Mis_line1d_mid_rotor1_task_5.json,.\data\comp3stg\task_5\rotor2\Mis_line1d_mid_rotor2_task_5.json,.\data\comp3stg\task_5\rotor3\Mis_line1d_mid_rotor3_task_5.json,.\data\comp3stg\task_5\stator1\Mis_line1d_mid_stator1_task_5.json,.\data\comp3stg\task_5\stator2\Mis_line1d_mid_stator2_task_5.json,.\data\comp3stg\task_5\stator3\Mis_line1d_mid_stator3_task_5.json,.\data\comp3stg\task_5\rotor1\ent_area2d_exit_rotor1_task_5.json,.\data\comp3stg\task_5\rotor2\ent_area2d_exit_rotor2_task_5.json,.\data\comp3stg\task_5\rotor3\ent_area2d_exit_rotor3_task_5.json,.\data\comp3stg\task_5\stator1\ent_area2d_exit_stator1_task_5.json,.\data\comp3stg\task_5\stator2\ent_area2d_exit_stator2_task_5.json,.\data\comp3stg\task_5\stator3\ent_area2d_exit_stator3_task_5.json
.\data\task_6,Design A 90% p2_110000,74.66512,46.74413,Design A,1.440866,0.9,DA,0.96,144086.6,.\data\comp3stg\task_6\rotor1\Mis_line1d_mid_rotor1_task_6.json,.\data\comp3stg\task_6\rotor2\Mis_line1d_mid_rotor2_task_6.json,.\data\comp3stg\task_6\rotor3\Mis_line1d_mid_rotor3_task_6.json,.\data\comp3stg\task_6\stator1\Mis_line1d_mid_stator1_task_6.json,.\data\comp3stg\task_6\stator2\Mis_line1d_mid_stator2_task_6.json,.\data\comp3stg\task_6\stator3\Mis_line1d_mid_stator3_task_6.json,.\data\comp3stg\task_6\rotor1\ent_area2d_exit_rotor1_task_6.json,.\data\comp3stg\task_6\rotor2\ent_area2d_exit_rotor2_task_6.json,.\data\comp3stg\task_6\rotor3\ent_area2d_exit_rotor3_task_6.json,.\data\comp3stg\task_6\stator1\ent_area2d_exit_stator1_task_6.json,.\data\comp3stg\task_6\stator2\ent_area2d_exit_stator2_task_6.json,.\data\comp3stg\task_6\stator3\ent_area2d_exit_stator3_task_6.json
.\data\task_7,Design A 90% p2_120000,79.6739,46.71741,Design A,1.496172,0.9,GAC,1,149617.2,.\data\comp3stg\task_7\rotor1\Mis_line1d_mid_rotor1_task_7.json,.\data\comp3stg\task_7\rotor2\Mis_line1d_mid_rotor2_task_7.json,.\data\comp3stg\task_7\rotor3\Mis_line1d_mid_rotor3_task_7.json,.\data\comp3stg\task_7\stator1\Mis_line1d_mid_stator1_task_7.json,.\data\comp3stg\task_7\stator2\Mis_line1d_mid_stator2_task_7.json,.\data\comp3stg\task_7\stator3\Mis_line1d_mid_stator3_task_7.json,.\data\comp3stg\task_7\rotor1\ent_area2d_exit_rotor1_task_7.json,.\data\comp3stg\task_7\rotor2\ent_area2d_exit_rotor2_task_7.json,.\data\comp3stg\task_7\rotor3\ent_area2d_exit_rotor3_task_7.json,.\data\comp3stg\task_7\stator1\ent_area2d_exit_stator1_task_7.json,.\data\comp3stg\task_7\stator2\ent_area2d_exit_stator2_task_7.json,.\data\comp3stg\task_7\stator3\ent_area2d_exit_stator3_task_7.json
.\data\task_8,Design A 90% p2_130000,85.14943,46.67273,Design A,1.561536,0.9,DA,1.04,156153.6,.\data\comp3stg\task_8\rotor1\Mis_line1d_mid_rotor1_task_8.json,.\data\comp3stg\task_8\rotor2\Mis_line1d_mid_rotor2_task_8.json,.\data\comp3stg\task_8\rotor3\Mis_line1d_mid_rotor3_task_8.json,.\data\comp3stg\task_8\stator1\Mis_line1d_mid_stator1_task_8.json,.\data\comp3stg\task_8\stator2\Mis_line1d_mid_stator2_task_8.json,.\data\comp3stg\task_8\stator3\Mis_line1d_mid_stator3_task_8.json,.\data\comp3stg\task_8\rotor1\ent_area2d_exit_rotor1_task_8.json,.\data\comp3stg\task_8\rotor2\ent_area2d_exit_rotor2_task_8.json,.\data\comp3stg\task_8\rotor3\ent_area2d_exit_rotor3_task_8.json,.\data\comp3stg\task_8\stator1\ent_area2d_exit_stator1_task_8.json,.\data\comp3stg\task_8\stator2\ent_area2d_exit_stator2_task_8.json,.\data\comp3stg\task_8\stator3\ent_area2d_exit_stator3_task_8.json
.\data\task_9,Design A 90% p2_140000,89.68302,46.26834,Design A,1.636012,0.9,GAC,0.96,163601.2,.\data\comp3stg\task_9\rotor1\Mis_line1d_mid_rotor1_task_9.json,.\data\comp3stg\task_9\rotor2\Mis_line1d_mid_rotor2_task_9.json,.\data\comp3stg\task_9\rotor3\Mis_line1d_mid_rotor3_task_9.json,.\data\comp3stg\task_9\stator1\Mis_line1d_mid_stator1_task_9.json,.\data\comp3stg\task_9\stator2\Mis_line1d_mid_stator2_task_9.json,.\data\comp3stg\task_9\stator3\Mis_line1d_mid_stator3_task_9.json,.\data\comp3stg\task_9\rotor1\ent_area2d_exit_rotor1_task_9.json,.\data\comp3stg\task_9\rotor2\ent_area2d_exit_rotor2_task_9.json,.\data\comp3stg\task_9\rotor3\ent_area2d_exit_rotor3_task_9.json,.\data\comp3stg\task_9\stator1\ent_area2d_exit_stator1_task_9.json,.\data\comp3stg\task_9\stator2\ent_area2d_exit_stator2_task_9.json,.\data\comp3stg\task_9\stator3\ent_area2d_exit_stator3_task_9.json
.\data\task_10,Design A 90% p2_150000,91.66561,45.23492,Design A,1.711503,0.9,DA,1,171150.3,.\data\comp3stg\task_10\rotor1\Mis_line1d_mid_rotor1_task_10.json,.\data\comp3stg\task_10\rotor2\Mis_line1d_mid_rotor2_task_10.json,.\data\comp3stg\task_10\rotor3\Mis_line1d_mid_rotor3_task_10.json,.\data\comp3stg\task_10\stator1\Mis_line1d_mid_stator1_task_10.json,.\data\comp3stg\task_10\stator2\Mis_line1d_mid_stator2_task_10.json,.\data\comp3stg\task_10\stator3\Mis_line1d_mid_stator3_task_10.json,.\data\comp3stg\task_10\rotor1\ent_area2d_exit_rotor1_task_10.json,.\data\comp3stg\task_10\rotor2\ent_area2d_exit_rotor2_task_10.json,.\data\comp3stg\task_10\rotor3\ent_area2d_exit_rotor3_task_10.json,.\data\comp3stg\task_10\stator1\ent_area2d_exit_stator1_task_10.json,.\data\comp3stg\task_10\stator2\ent_area2d_exit_stator2_task_10.json,.\data\comp3stg\task_10\stator3\ent_area2d_exit_stator3_task_10.json
.\data\task_11,Design A 90% p2_160000,92.74671,43.86845,Design A,1.788288,0.9,GAC,1.04,178828.8,.\data\comp3stg\task_11\rotor1\Mis_line1d_mid_rotor1_task_11.json,.\data\comp3stg\task_11\rotor2\Mis_line1d_mid_rotor2_task_11.json,.\data\comp3stg\task_11\rotor3\Mis_line1d_mid_rotor3_task_11.json,.\data\comp3stg\task_11\stator1\Mis_line1d_mid_stator1_task_11.json,.\data\comp3stg\task_11\stator2\Mis_line1d_mid_stator2_task_11.json,.\data\comp3stg\task_11\stator3\Mis_line1d_mid_stator3_task_11.json,.\data\comp3stg\task_11\rotor1\ent_area2d_exit_rotor1_task_11.json,.\data\comp3stg\task_11\rotor2\ent_area2d_exit_rotor2_task_11.json,.\data\comp3stg\task_11\rotor3\ent_area2d_exit_rotor3_task_11.json,.\data\comp3stg\task_11\stator1\ent_area2d_exit_stator1_task_11.json,.\data\comp3stg\task_11\stator2\ent_area2d_exit_stator2_task_11.json,.\data\comp3stg\task_11\stator3\ent_area2d_exit_stator3_task_11.json
.\data\task_12,Design A 90% p2_170000,93.24825,42.06959,Design A,1.866299,0.9,DA,0.96,186629.9,.\data\comp3stg\task_12\rotor1\Mis_line1d_mid_rotor1_task_12.json,.\data\comp3stg\task_12\rotor2\Mis_line1d_mid_rotor2_task_12.json,.\data\comp3stg\task_12\rotor3\Mis_line1d_mid_rotor3_task_12.json,.\data\comp3stg\task_12\stator1\Mis_line1d_mid_stator1_task_12.json,.\data\comp3stg\task_12\stator2\Mis_line1d_mid_stator2_task_12.json,.\data\comp3stg\task_12\stator3\Mis_line1d_mid_stator3_task_12.json,.\data\comp3stg\task_12\rotor1\ent_area2d_exit_rotor1_task_12.json,.\data\comp3stg\task_12\rotor2\ent_area2d_exit_rotor2_task_12.json,.\data\comp3stg\task_12\rotor3\ent_area2d_exit_rotor3_task_12.json,.\data\comp3stg\task_12\stator1\ent_area2d_exit_stator1_task_12.json,.\data\comp3stg\task_12\stator2\ent_area2d_exit_stator2_task_12.json,.\data\comp3stg\task_12\stator3\ent_area2d_exit_stator3_task_12.json
.\data\task_13,Design A 80% p2_90000,63.43448,41.99625,Design A,1.255136,0.8,GAC,1,125513.6,.\data\comp3stg\task_13\rotor1\Mis_line1d_mid_rotor1_task_13.json,.\data\comp3stg\task_13\rotor2\Mis_line1d_mid_rotor2_task_13.json,.\data\comp3stg\task_13\rotor3\Mis_line1d_mid_rotor3_task_13.json,.\data\comp3stg\task_13\stator1\Mis_line1d_mid_stator1_task_13.json,.\data\comp3stg\task_13\stator2\Mis_line1d_mid_stator2_task_13.json,.\data\comp3stg\task_13\stator3\Mis_line1d_mid_stator3_task_13.json,.\data\comp3stg\task_13\rotor1\ent_area2d_exit_rotor1_task_13.json,.\data\comp3stg\task_13\rotor2\ent_area2d_exit_rotor2_task_13.json,.\data\comp3stg\task_13\rotor3\ent_area2d_exit_rotor3_task_13.json,.\data\comp3stg\task_13\stator1\ent_area2d_exit_stator1_task_13.json,.\data\comp3stg\task_13\stator2\ent_area2d_exit_stator2_task_13.json,.\data\comp3stg\task_13\stator3\ent_area2d_exit_stator3_task_13.json
.\data\task_14,Design A 80% p2_100000,71.88521,41.95318,Design A,1.310277,0.8,DA,1.04,131027.7,.\data\comp3stg\task_14\rotor1\Mis_line1d_mid_rotor1_task_14.json,.\data\comp3stg\task_14\rotor2\Mis_line1d_mid_rotor2_task_14.json,.\data\comp3stg\task_14\rotor3\Mis_line1d_mid_rotor3_task_14.json,.\data\comp3stg\task_14\stator1\Mis_line1d_mid_stator1_task_14.json,.\data\comp3stg\task_14\stator2\Mis_line1d_mid_stator2_task_14.json,.\data\comp3stg\task_14\stator3\Mis_line1d_mid_stator3_task_14.json,.\data\comp3stg\task_14\rotor1\ent_area2d_exit_rotor1_task_14.json,.\data\comp3stg\task_14\rotor2\ent_area2d_exit_rotor2_task_14.json,.\data\comp3stg\task_14\rotor3\ent_area2d_exit_rotor3_task_14.json,.\data\comp3stg\task_14\stator1\ent_area2d_exit_stator1_task_14.json,.\data\comp3stg\task_14\stator2\ent_area2d_exit_stator2_task_14.json,.\data\comp3stg\task_14\stator3\ent_area2d_exit_stator3_task_14.json
.\data\task_15,Design A 80% p2_110000,79.37546,41.92112,Design A,1.358285,0.8,GAC,0.96,135828.5,.\data\comp3stg\task_15\rotor1\Mis_line1d_mid_rotor1_task_15.json,.\data\comp3stg\task_15\rotor2\Mis_line1d_mid_rotor2_task_15.json,.\data\comp3stg\task_15\rotor3\Mis_line1d_mid_rotor3_task_15.json,.\data\comp3stg\task_15\stator1\Mis_line1d_mid_stator1_task_15.json,.\data\comp3stg\task_15\stator2\Mis_line1d_mid_stator2_task_15.json,.\data\comp3stg\task_15\stator3\Mis_line1d_mid_stator3_task_15.json,.\data\comp3stg\task_15\rotor1\ent_area2d_exit_rotor1_task_15.json,.\data\comp3stg\task_15\rotor2\ent_area2d_exit_rotor2_task_15.json,.\data\comp3stg\task_15\rotor3\ent_area2d_exit_rotor3_task_15.json,.\data\comp3stg\task_15\stator1\ent_area2d_exit_stator1_task_15.json,.\data\comp3stg\task_15\stator2\ent_area2d_exit_stator2_task_15.json,.\data\comp3stg\task_15\stator3\ent_area2d_exit_stator3_task_15.json
.\data\task_16,Design A 80% p2_120000,86.00346,41.51446,Design A,1.418139,0.8,DA,1,141813.9,.\data\comp3stg\task_16\rotor1\Mis_line1d_mid_rotor1_task_16.json,.\data\comp3stg\task_16\rotor2\Mis_line1d_mid_rotor2_task_16.json,.\data\comp3stg\task_16\rotor3\Mis_line1d_mid_rotor3_task_16.json,.\data\comp3stg\task_16\stator1\Mis_line1d_mid_stator1_task_16.json,.\data\comp3stg\task_16\stator2\Mis_line1d_mid_stator2_task_16.json,.\data\comp3stg\task_16\stator3\Mis_line1d_mid_stator3_task_16.json,.\data\comp3stg\task_16\rotor1\ent_area2d_exit_rotor1_task_16.json,.\data\comp3stg\task_16\rotor2\ent_area2d_exit_rotor2_task_16.json,.\data\comp3stg\task_16\rotor3\ent_area2d_exit_rotor3_task_16.json,.\data\comp3stg\task_16\stator1\ent_area2d_exit_stator1_task_16.json,.\data\comp3stg\task_16\stator2\ent_area2d_exit_stator2_task_16.json,.\data\comp3stg\task_16\stator3\ent_area2d_exit_stator3_task_16.json
.\data\task_17,Design A 80% p2_130000,90.26699,40.48046,Design A,1.488192,0.8,GAC,1.04,148819.2,.\data\comp3stg\task_17\rotor1\Mis_line1d_mid_rotor1_task_17.json,.\data\comp3stg\task_17\rotor2\Mis_line1d_mid_rotor2_task_17.json,.\data\comp3stg\task_17\rotor3\Mis_line1d_mid_rotor3_task_17.json,.\data\comp3stg\task_17\stator1\Mis_line1d_mid_stator1_task_17.json,.\data\comp3stg\task_17\stator2\Mis_line1d_mid_stator2_task_17.json,.\data\comp3stg\task_17\stator3\Mis_line1d_mid_stator3_task_17.json,.\data\comp3stg\task_17\rotor1\ent_area2d_exit_rotor1_task_17.json,.\data\comp3stg\task_17\rotor2\ent_area2d_exit_rotor2_task_17.json,.\data\comp3stg\task_17\rotor3\ent_area2d_exit_rotor3_task_17.json,.\data\comp3stg\task_17\stator1\ent_area2d_exit_stator1_task_17.json,.\data\comp3stg\task_17\stator2\ent_area2d_exit_stator2_task_17.json,.\data\comp3stg\task_17\stator3\ent_area2d_exit_stator3_task_17.json
.\data\task_18,Design A 80% p2_140000,92.34322,38.85016,Design A,1.561516,0.8,DA,0.96,156151.6,.\data\comp3stg\task_18\rotor1\Mis_line1d_mid_rotor1_task_18.json,.\data\comp3stg\task_18\rotor2\Mis_line1d_mid_rotor2_task_18.json,.\data\comp3stg\task_18\rotor3\Mis_line1d_mid_rotor3_task_18.json,.\data\comp3stg\task_18\stator1\Mis_line1d_mid_stator1_task_18.json,.\data\comp3stg\task_18\stator2\Mis_line1d_mid_stator2_task_18.json,.\data\comp3stg\task_18\stator3\Mis_line1d_mid_stator3_task_18.json,.\data\comp3stg\task_18\rotor1\ent_area2d_exit_rotor1_task_18.json,.\data\comp3stg\task_18\rotor2\ent_area2d_exit_rotor2_task_18.json,.\data\comp3stg\task_18\rotor3\ent_area2d_exit_rotor3_task_18.json,.\data\comp3stg\task_18\stator1\ent_area2d_exit_stator1_task_18.json,.\data\comp3stg\task_18\stator2\ent_area2d_exit_stator2_task_18.json,.\data\comp3stg\task_18\stator3\ent_area2d_exit_stator3_task_18.json
.\data\task_19,Design A 80% p2_150000,93.20506,36.80598,Design A,1.637649,0.8,GAC,1,163764.9,.\data\comp3stg\task_19\rotor1\Mis_line1d_mid_rotor1_task_19.json,.\data\comp3stg\task_19\rotor2\Mis_line1d_mid_rotor2_task_19.json,.\data\comp3stg\task_19\rotor3\Mis_line1d_mid_rotor3_task_19.json,.\data\comp3stg\task_19\stator1\Mis_line1d_mid_stator1_task_19.json,.\data\comp3stg\task_19\stator2\Mis_line1d_mid_stator2_task_19.json,.\data\comp3stg\task_19\stator3\Mis_line1d_mid_stator3_task_19.json,.\data\comp3stg\task_19\rotor1\ent_area2d_exit_rotor1_task_19.json,.\data\comp3stg\task_19\rotor2\ent_area2d_exit_rotor2_task_19.json,.\data\comp3stg\task_19\rotor3\ent_area2d_exit_rotor3_task_19.json,.\data\comp3stg\task_19\stator1\ent_area2d_exit_stator1_task_19.json,.\data\comp3stg\task_19\stator2\ent_area2d_exit_stator2_task_19.json,.\data\comp3stg\task_19\stator3\ent_area2d_exit_stator3_task_19.json
.\data\task_20,Design B 100% p2_140000,83.0014,51.77788,Design B,1.70802,1,DA,1.04,170802,.\data\comp3stg\task_20\rotor1\Mis_line1d_mid_rotor1_task_20.json,.\data\comp3stg\task_20\rotor2\Mis_line1d_mid_rotor2_task_20.json,.\data\comp3stg\task_20\rotor3\Mis_line1d_mid_rotor3_task_20.json,.\data\comp3stg\task_20\stator1\Mis_line1d_mid_stator1_task_20.json,.\data\comp3stg\task_20\stator2\Mis_line1d_mid_stator2_task_20.json,.\data\comp3stg\task_20\stator3\Mis_line1d_mid_stator3_task_20.json,.\data\comp3stg\task_20\rotor1\ent_area2d_exit_rotor1_task_20.json,.\data\comp3stg\task_20\rotor2\ent_area2d_exit_rotor2_task_20.json,.\data\comp3stg\task_20\rotor3\ent_area2d_exit_rotor3_task_20.json,.\data\comp3stg\task_20\stator1\ent_area2d_exit_stator1_task_20.json,.\data\comp3stg\task_20\stator2\ent_area2d_exit_stator2_task_20.json,.\data\comp3stg\task_20\stator3\ent_area2d_exit_stator3_task_20.json
.\data\task_21,Design B 100% p2_150000,86.6887,51.74968,Design B,1.786447,1,GAC,0.96,178644.7,.\data\comp3stg\task_21\rotor1\Mis_line1d_mid_rotor1_task_21.json,.\data\comp3stg\task_21\rotor2\Mis_line1d_mid_rotor2_task_21.json,.\data\comp3stg\task_21\rotor3\Mis_line1d_mid_rotor3_task_21.json,.\data\comp3stg\task_21\stator1\Mis_line1d_mid_stator1_task_21.json,.\data\comp3stg\task_21\stator2\Mis_line1d_mid_stator2_task_21.json,.\data\comp3stg\task_21\stator3\Mis_line1d_mid_stator3_task_21.json,.\data\comp3stg\task_21\rotor1\ent_area2d_exit_rotor1_task_21.json,.\data\comp3stg\task_21\rotor2\ent_area2d_exit_rotor2_task_21.json,.\data\comp3stg\task_21\rotor3\ent_area2d_exit_rotor3_task_21.json,.\data\comp3stg\task_21\stator1\ent_area2d_exit_stator1_task_21.json,.\data\comp3stg\task_21\stator2\ent_area2d_exit_stator2_task_21.json,.\data\comp3stg\task_21\stator3\ent_area2d_exit_stator3_task_21.json
.\data\task_22,Design B 100% p2_160000,90.13701,51.55848,Design B,1.865749,1,DA,1,186574.9,.\data\comp3stg\task_22\rotor1\Mis_line1d_mid_rotor1_task_22.json,.\data\comp3stg\task_22\rotor2\Mis_line1d_mid_rotor2_task_22.json,.\data\comp3stg\task_22\rotor3\Mis_line1d_mid_rotor3_task_22.json,.\data\comp3stg\task_22\stator1\Mis_line1d_mid_stator1_task_22.json,.\data\comp3stg\task_22\stator2\Mis_line1d_mid_stator2_task_22.json,.\data\comp3stg\task_22\stator3\Mis_line1d_mid_stator3_task_22.json,.\data\comp3stg\task_22\rotor1\ent_area2d_exit_rotor1_task_22.json,.\data\comp3stg\task_22\rotor2\ent_area2d_exit_rotor2_task_22.json,.\data\comp3stg\task_22\rotor3\ent_area2d_exit_rotor3_task_22.json,.\data\comp3stg\task_22\stator1\ent_area2d_exit_stator1_task_22.json,.\data\comp3stg\task_22\stator2\ent_area2d_exit_stator2_task_22.json,.\data\comp3stg\task_22\stator3\ent_area2d_exit_stator3_task_22.json
.\data\task_23,Design B 100% p2_170000,91.49876,50.79425,Design B,1.944848,1,GAC,1.04,194484.8,.\data\comp3stg\task_23\rotor1\Mis_line1d_mid_rotor1_task_23.json,.\data\comp3stg\task_23\rotor2\Mis_line1d_mid_rotor2_task_23.json,.\data\comp3stg\task_23\rotor3\Mis_line1d_mid_rotor3_task_23.json,.\data\comp3stg\task_23\stator1\Mis_line1d_mid_stator1_task_23.json,.\data\comp3stg\task_23\stator2\Mis_line1d_mid_stator2_task_23.json,.\data\comp3stg\task_23\stator3\Mis_line1d_mid_stator3_task_23.json,.\data\comp3stg\task_23\rotor1\ent_area2d_exit_rotor1_task_23.json,.\data\comp3stg\task_23\rotor2\ent_area2d_exit_rotor2_task_23.json,.\data\comp3stg\task_23\rotor3\ent_area2d_exit_rotor3_task_23.json,.\data\comp3stg\task_23\stator1\ent_area2d_exit_stator1_task_23.json,.\data\comp3stg\task_23\stator2\ent_area2d_exit_stator2_task_23.json,.\data\comp3stg\task_23\stator3\ent_area2d_exit_stator3_task_23.json
.\data\task_24,Design B 100% p2_180000,92.27178,49.72235,Design B,2.02485,1,DA,0.96,202485,.\data\comp3stg\task_24\rotor1\Mis_line1d_mid_rotor1_task_24.json,.\data\comp3stg\task_24\rotor2\Mis_line1d_mid_rotor2_task_24.json,.\data\comp3stg\task_24\rotor3\Mis_line1d_mid_rotor3_task_24.json,.\data\comp3stg\task_24\stator1\Mis_line1d_mid_stator1_task_24.json,.\data\comp3stg\task_24\stator2\Mis_line1d_mid_stator2_task_24.json,.\data\comp3stg\task_24\stator3\Mis_line1d_mid_stator3_task_24.json,.\data\comp3stg\task_24\rotor1\ent_area2d_exit_rotor1_task_24.json,.\data\comp3stg\task_24\rotor2\ent_area2d_exit_rotor2_task_24.json,.\data\comp3stg\task_24\rotor3\ent_area2d_exit_rotor3_task_24.json,.\data\comp3stg\task_24\stator1\ent_area2d_exit_stator1_task_24.json,.\data\comp3stg\task_24\stator2\ent_area2d_exit_stator2_task_24.json,.\data\comp3stg\task_24\stator3\ent_area2d_exit_stator3_task_24.json
.\data\task_25,Design B 100% p2_190000,92.62657,48.22643,Design B,2.105013,1,GAC,1,210501.3,.\data\comp3stg\task_25\rotor1\Mis_line1d_mid_rotor1_task_25.json,.\data\comp3stg\task_25\rotor2\Mis_line1d_mid_rotor2_task_25.json,.\data\comp3stg\task_25\rotor3\Mis_line1d_mid_rotor3_task_25.json,.\data\comp3stg\task_25\stator1\Mis_line1d_mid_stator1_task_25.json,.\data\comp3stg\task_25\stator2\Mis_line1d_mid_stator2_task_25.json,.\data\comp3stg\task_25\stator3\Mis_line1d_mid_stator3_task_25.json,.\data\comp3stg\task_25\rotor1\ent_area2d_exit_rotor1_task_25.json,.\data\comp3stg\task_25\rotor2\ent_area2d_exit_rotor2_task_25.json,.\data\comp3stg\task_25\rotor3\ent_area2d_exit_rotor3_task_25.json,.\data\comp3stg\task_25\stator1\ent_area2d_exit_stator1_task_25.json,.\data\comp3stg\task_25\stator2\ent_area2d_exit_stator2_task_25.json,.\data\comp3stg\task_25\stator3\ent_area2d_exit_stator3_task_25.json
.\data\task_26,Design B 90% p2_110000,74.05695,46.71263,Design B,1.435862,0.9,DA,1.04,143586.2,.\data\comp3stg\task_26\rotor1\Mis_line1d_mid_rotor1_task_26.json,.\data\comp3stg\task_26\rotor2\Mis_line1d_mid_rotor2_task_26.json,.\data\comp3stg\task_26\rotor3\Mis_line1d_mid_rotor3_task_26.json,.\data\comp3stg\task_26\stator1\Mis_line1d_mid_stator1_task_26.json,.\data\comp3stg\task_26\stator2\Mis_line1d_mid_stator2_task_26.json,.\data\comp3stg\task_26\stator3\Mis_line1d_mid_stator3_task_26.json,.\data\comp3stg\task_26\rotor1\ent_area2d_exit_rotor1_task_26.json,.\data\comp3stg\task_26\rotor2\ent_area2d_exit_rotor2_task_26.json,.\data\comp3stg\task_26\rotor3\ent_area2d_exit_rotor3_task_26.json,.\data\comp3stg\task_26\stator1\ent_area2d_exit_stator1_task_26.json,.\data\comp3stg\task_26\stator2\ent_area2d_exit_stator2_task_26.json,.\data\comp3stg\task_26\stator3\ent_area2d_exit_stator3_task_26.json
.\data\task_27,Design B 90% p2_120000,79.08065,46.71114,Design B,1.488973,0.9,GAC,0.96,148897.3,.\data\comp3stg\task_27\rotor1\Mis_line1d_mid_rotor1_task_27.json,.\data\comp3stg\task_27\rotor2\Mis_line1d_mid_rotor2_task_27.json,.\data\comp3stg\task_27\rotor3\Mis_line1d_mid_rotor3_task_27.json,.\data\comp3stg\task_27\stator1\Mis_line1d_mid_stator1_task_27.json,.\data\comp3stg\task_27\stator2\Mis_line1d_mid_stator2_task_27.json,.\data\comp3stg\task_27\stator3\Mis_line1d_mid_stator3_task_27.json,.\data\comp3stg\task_27\rotor1\ent_area2d_exit_rotor1_task_27.json,.\data\comp3stg\task_27\rotor2\ent_area2d_exit_rotor2_task_27.json,.\data\comp3stg\task_27\rotor3\ent_area2d_exit_rotor3_task_27.json,.\data\comp3stg\task_27\stator1\ent_area2d_exit_stator1_task_27.json,.\data\comp3stg\task_27\stator2\ent_area2d_exit_stator2_task_27.json,.\data\comp3stg\task_27\stator3\ent_area2d_exit_stator3_task_27.json
.\data\task_28,Design B 90% p2_130000,85.00431,46.70253,Design B,1.559322,0.9,DA,1,155932.2,.\data\comp3stg\task_28\rotor1\Mis_line1d_mid_rotor1_task_28.json,.\data\comp3stg\task_28\rotor2\Mis_line1d_mid_rotor2_task_28.json,.\data\comp3stg\task_28\rotor3\Mis_line1d_mid_rotor3_task_28.json,.\data\comp3stg\task_28\stator1\Mis_line1d_mid_stator1_task_28.json,.\data\comp3stg\task_28\stator2\Mis_line1d_mid_stator2_task_28.json,.\data\comp3stg\task_28\stator3\Mis_line1d_mid_stator3_task_28.json,.\data\comp3stg\task_28\rotor1\ent_area2d_exit_rotor1_task_28.json,.\data\comp3stg\task_28\rotor2\ent_area2d_exit_rotor2_task_28.json,.\data\comp3stg\task_28\rotor3\ent_area2d_exit_rotor3_task_28.json,.\data\comp3stg\task_28\stator1\ent_area2d_exit_stator1_task_28.json,.\data\comp3stg\task_28\stator2\ent_area2d_exit_stator2_task_28.json,.\data\comp3stg\task_28\stator3\ent_area2d_exit_stator3_task_28.json
.\data\task_29,Design B 90% p2_140000,89.62362,46.27926,Design B,1.63511,0.9,GAC,1.04,163511,.\data\comp3stg\task_29\rotor1\Mis_line1d_mid_rotor1_task_29.json,.\data\comp3stg\task_29\rotor2\Mis_line1d_mid_rotor2_task_29.json,.\data\comp3stg\task_29\rotor3\Mis_line1d_mid_rotor3_task_29.json,.\data\comp3stg\task_29\stator1\Mis_line1d_mid_stator1_task_29.json,.\data\comp3stg\task_29\stator2\Mis_line1d_mid_stator2_task_29.json,.\data\comp3stg\task_29\stator3\Mis_line1d_mid_stator3_task_29.json,.\data\comp3stg\task_29\rotor1\ent_area2d_exit_rotor1_task_29.json,.\data\comp3stg\task_29\rotor2\ent_area2d_exit_rotor2_task_29.json,.\data\comp3stg\task_29\rotor3\ent_area2d_exit_rotor3_task_29.json,.\data\comp3stg\task_29\stator1\ent_area2d_exit_stator1_task_29.json,.\data\comp3stg\task_29\stator2\ent_area2d_exit_stator2_task_29.json,.\data\comp3stg\task_29\stator3\ent_area2d_exit_stator3_task_29.json
.\data\task_30,Design B 90% p2_150000,91.61683,45.23144,Design B,1.710771,0.9,DA,0.96,171077.1,.\data\comp3stg\task_30\rotor1\Mis_line1d_mid_rotor1_task_30.json,.\data\comp3stg\task_30\rotor2\Mis_line1d_mid_rotor2_task_30.json,.\data\comp3stg\task_30\rotor3\Mis_line1d_mid_rotor3_task_30.json,.\data\comp3stg\task_30\stator1\Mis_line1d_mid_stator1_task_30.json,.\data\comp3stg\task_30\stator2\Mis_line1d_mid_stator2_task_30.json,.\data\comp3stg\task_30\stator3\Mis_line1d_mid_stator3_task_30.json,.\data\comp3stg\task_30\rotor1\ent_area2d_exit_rotor1_task_30.json,.\data\comp3stg\task_30\rotor2\ent_area2d_exit_rotor2_task_30.json,.\data\comp3stg\task_30\rotor3\ent_area2d_exit_rotor3_task_30.json,.\data\comp3stg\task_30\stator1\ent_area2d_exit_stator1_task_30.json,.\data\comp3stg\task_30\stator2\ent_area2d_exit_stator2_task_30.json,.\data\comp3stg\task_30\stator3\ent_area2d_exit_stator3_task_30.json
.\data\task_31,Design B 90% p2_160000,92.60555,43.85702,Design B,1.78693,0.9,GAC,1,178693,.\data\comp3stg\task_31\rotor1\Mis_line1d_mid_rotor1_task_31.json,.\data\comp3stg\task_31\rotor2\Mis_line1d_mid_rotor2_task_31.json,.\data\comp3stg\task_31\rotor3\Mis_line1d_mid_rotor3_task_31.json,.\data\comp3stg\task_31\stator1\Mis_line1d_mid_stator1_task_31.json,.\data\comp3stg\task_31\stator2\Mis_line1d_mid_stator2_task_31.json,.\data\comp3stg\task_31\stator3\Mis_line1d_mid_stator3_task_31.json,.\data\comp3stg\task_31\rotor1\ent_area2d_exit_rotor1_task_31.json,.\data\comp3stg\task_31\rotor2\ent_area2d_exit_rotor2_task_31.json,.\data\comp3stg\task_31\rotor3\ent_area2d_exit_rotor3_task_31.json,.\data\comp3stg\task_31\stator1\ent_area2d_exit_stator1_task_31.json,.\data\comp3stg\task_31\stator2\ent_area2d_exit_stator2_task_31.json,.\data\comp3stg\task_31\stator3\ent_area2d_exit_stator3_task_31.json
.\data\task_32,Design B 90% p2_170000,92.66753,41.61924,Design B,1.863345,0.9,DA,1.04,186334.5,.\data\comp3stg\task_32\rotor1\Mis_line1d_mid_rotor1_task_32.json,.\data\comp3stg\task_32\rotor2\Mis_line1d_mid_rotor2_task_32.json,.\data\comp3stg\task_32\rotor3\Mis_line1d_mid_rotor3_task_32.json,.\data\comp3stg\task_32\stator1\Mis_line1d_mid_stator1_task_32.json,.\data\comp3stg\task_32\stator2\Mis_line1d_mid_stator2_task_32.json,.\data\comp3stg\task_32\stator3\Mis_line1d_mid_stator3_task_32.json,.\data\comp3stg\task_32\rotor1\ent_area2d_exit_rotor1_task_32.json,.\data\comp3stg\task_32\rotor2\ent_area2d_exit_rotor2_task_32.json,.\data\comp3stg\task_32\rotor3\ent_area2d_exit_rotor3_task_32.json,.\data\comp3stg\task_32\stator1\ent_area2d_exit_stator1_task_32.json,.\data\comp3stg\task_32\stator2\ent_area2d_exit_stator2_task_32.json,.\data\comp3stg\task_32\stator3\ent_area2d_exit_stator3_task_32.json
.\data\task_33,Design B 80% p2_90000,62.7071,41.96393,Design B,1.252868,0.8,GAC,0.96,125286.8,.\data\comp3stg\task_33\rotor1\Mis_line1d_mid_rotor1_task_33.json,.\data\comp3stg\task_33\rotor2\Mis_line1d_mid_rotor2_task_33.json,.\data\comp3stg\task_33\rotor3\Mis_line1d_mid_rotor3_task_33.json,.\data\comp3stg\task_33\stator1\Mis_line1d_mid_stator1_task_33.json,.\data\comp3stg\task_33\stator2\Mis_line1d_mid_stator2_task_33.json,.\data\comp3stg\task_33\stator3\Mis_line1d_mid_stator3_task_33.json,.\data\comp3stg\task_33\rotor1\ent_area2d_exit_rotor1_task_33.json,.\data\comp3stg\task_33\rotor2\ent_area2d_exit_rotor2_task_33.json,.\data\comp3stg\task_33\rotor3\ent_area2d_exit_rotor3_task_33.json,.\data\comp3stg\task_33\stator1\ent_area2d_exit_stator1_task_33.json,.\data\comp3stg\task_33\stator2\ent_area2d_exit_stator2_task_33.json,.\data\comp3stg\task_33\stator3\ent_area2d_exit_stator3_task_33.json
.\data\task_34,Design B 80% p2_100000,70.21467,41.94318,Design B,1.297068,0.8,DA,1,129706.8,.\data\comp3stg\task_34\rotor1\Mis_line1d_mid_rotor1_task_34.json,.\data\comp3stg\task_34\rotor2\Mis_line1d_mid_rotor2_task_34.json,.\data\comp3stg\task_34\rotor3\Mis_line1d_mid_rotor3_task_34.json,.\data\comp3stg\task_34\stator1\Mis_line1d_mid_stator1_task_34.json,.\data\comp3stg\task_34\stator2\Mis_line1d_mid_stator2_task_34.json,.\data\comp3stg\task_34\stator3\Mis_line1d_mid_stator3_task_34.json,.\data\comp3stg\task_34\rotor1\ent_area2d_exit_rotor1_task_34.json,.\data\comp3stg\task_34\rotor2\ent_area2d_exit_rotor2_task_34.json,.\data\comp3stg\task_34\rotor3\ent_area2d_exit_rotor3_task_34.json,.\data\comp3stg\task_34\stator1\ent_area2d_exit_stator1_task_34.json,.\data\comp3stg\task_34\stator2\ent_area2d_exit_stator2_task_34.json,.\data\comp3stg\task_34\stator3\ent_area2d_exit_stator3_task_34.json
.\data\task_35,Design B 80% p2_110000,78.68724,41.91799,Design B,1.353713,0.8,GAC,1.04,135371.3,.\data\comp3stg\task_35\rotor1\Mis_line1d_mid_rotor1_task_35.json,.\data\comp3stg\task_35\rotor2\Mis_line1d_mid_rotor2_task_35.json,.\data\comp3stg\task_35\rotor3\Mis_line1d_mid_rotor3_task_35.json,.\data\comp3stg\task_35\stator1\Mis_line1d_mid_stator1_task_35.json,.\data\comp3stg\task_35\stator2\Mis_line1d_mid_stator2_task_35.json,.\data\comp3stg\task_35\stator3\Mis_line1d_mid_stator3_task_35.json,.\data\comp3stg\task_35\rotor1\ent_area2d_exit_rotor1_task_35.json,.\data\comp3stg\task_35\rotor2\ent_area2d_exit_rotor2_task_35.json,.\data\comp3stg\task_35\rotor3\ent_area2d_exit_rotor3_task_35.json,.\data\comp3stg\task_35\stator1\ent_area2d_exit_stator1_task_35.json,.\data\comp3stg\task_35\stator2\ent_area2d_exit_stator2_task_35.json,.\data\comp3stg\task_35\stator3\ent_area2d_exit_stator3_task_35.json
.\data\task_36,Design B 80% p2_120000,86.12284,41.52279,Design B,1.415704,0.8,DA,0.96,141570.4,.\data\comp3stg\task_36\rotor1\Mis_line1d_mid_rotor1_task_36.json,.\data\comp3stg\task_36\rotor2\Mis_line1d_mid_rotor2_task_36.json,.\data\comp3stg\task_36\rotor3\Mis_line1d_mid_rotor3_task_36.json,.\data\comp3stg\task_36\stator1\Mis_line1d_mid_stator1_task_36.json,.\data\comp3stg\task_36\stator2\Mis_line1d_mid_stator2_task_36.json,.\data\comp3stg\task_36\stator3\Mis_line1d_mid_stator3_task_36.json,.\data\comp3stg\task_36\rotor1\ent_area2d_exit_rotor1_task_36.json,.\data\comp3stg\task_36\rotor2\ent_area2d_exit_rotor2_task_36.json,.\data\comp3stg\task_36\rotor3\ent_area2d_exit_rotor3_task_36.json,.\data\comp3stg\task_36\stator1\ent_area2d_exit_stator1_task_36.json,.\data\comp3stg\task_36\stator2\ent_area2d_exit_stator2_task_36.json,.\data\comp3stg\task_36\stator3\ent_area2d_exit_stator3_task_36.json
.\data\task_37,Design B 80% p2_130000,90.21402,40.48936,Design B,1.487177,0.8,GAC,1,148717.7,.\data\comp3stg\task_37\rotor1\Mis_line1d_mid_rotor1_task_37.json,.\data\comp3stg\task_37\rotor2\Mis_line1d_mid_rotor2_task_37.json,.\data\comp3stg\task_37\rotor3\Mis_line1d_mid_rotor3_task_37.json,.\data\comp3stg\task_37\stator1\Mis_line1d_mid_stator1_task_37.json,.\data\comp3stg\task_37\stator2\Mis_line1d_mid_stator2_task_37.json,.\data\comp3stg\task_37\stator3\Mis_line1d_mid_stator3_task_37.json,.\data\comp3stg\task_37\rotor1\ent_area2d_exit_rotor1_task_37.json,.\data\comp3stg\task_37\rotor2\ent_area2d_exit_rotor2_task_37.json,.\data\comp3stg\task_37\rotor3\ent_area2d_exit_rotor3_task_37.json,.\data\comp3stg\task_37\stator1\ent_area2d_exit_stator1_task_37.json,.\data\comp3stg\task_37\stator2\ent_area2d_exit_stator2_task_37.json,.\data\comp3stg\task_37\stator3\ent_area2d_exit_stator3_task_37.json
.\data\task_38,Design B 80% p2_140000,92.20825,38.88341,Design B,1.561103,0.8,DA,1.04,156110.3,.\data\comp3stg\task_38\rotor1\Mis_line1d_mid_rotor1_task_38.json,.\data\comp3stg\task_38\rotor2\Mis_line1d_mid_rotor2_task_38.json,.\data\comp3stg\task_38\rotor3\Mis_line1d_mid_rotor3_task_38.json,.\data\comp3stg\task_38\stator1\Mis_line1d_mid_stator1_task_38.json,.\data\comp3stg\task_38\stator2\Mis_line1d_mid_stator2_task_38.json,.\data\comp3stg\task_38\stator3\Mis_line1d_mid_stator3_task_38.json,.\data\comp3stg\task_38\rotor1\ent_area2d_exit_rotor1_task_38.json,.\data\comp3stg\task_38\rotor2\ent_area2d_exit_rotor2_task_38.json,.\data\comp3stg\task_38\rotor3\ent_area2d_exit_rotor3_task_38.json,.\data\comp3stg\task_38\stator1\ent_area2d_exit_stator1_task_38.json,.\data\comp3stg\task_38\stator2\ent_area2d_exit_stator2_task_38.json,.\data\comp3stg\task_38\stator3\ent_area2d_exit_stator3_task_38.json
.\data\task_39,Design B 80% p2_150000,92.69257,36.33635,Design B,1.634093,0.8,GAC,0.96,163409.3,.\data\comp3stg\task_39\rotor1\Mis_line1d_mid_rotor1_task_39.json,.\data\comp3stg\task_39\rotor2\Mis_line1d_mid_rotor2_task_39.json,.\data\comp3stg\task_39\rotor3\Mis_line1d_mid_rotor3_task_39.json,.\data\comp3stg\task_39\stator1\Mis_line1d_mid_stator1_task_39.json,.\data\comp3stg\task_39\stator2\Mis_line1d_mid_stator2_task_39.json,.\data\comp3stg\task_39\stator3\Mis_line1d_mid_stator3_task_39.json,.\data\comp3stg\task_39\rotor1\ent_area2d_exit_rotor1_task_39.json,.\data\comp3stg\task_39\rotor2\ent_area2d_exit_rotor2_task_39.json,.\data\comp3stg\task_39\rotor3\ent_area2d_exit_rotor3_task_39.json,.\data\comp3stg\task_39\stator1\ent_area2d_exit_stator1_task_39.json,.\data\comp3stg\task_39\stator2\ent_area2d_exit_stator2_task_39.json,.\data\comp3stg\task_39\stator3\ent_area2d_exit_stator3_task_39.json
.\data\task_40,Design C 100% p2_140000,82.98617,51.85049,Design C,1.707535,1,DA,1,170753.5,.\data\comp3stg\task_40\rotor1\Mis_line1d_mid_rotor1_task_40.json,.\data\comp3stg\task_40\rotor2\Mis_line1d_mid_rotor2_task_40.json,.\data\comp3stg\task_40\rotor3\Mis_line1d_mid_rotor3_task_40.json,.\data\comp3stg\task_40\stator1\Mis_line1d_mid_stator1_task_40.json,.\data\comp3stg\task_40\stator2\Mis_line1d_mid_stator2_task_40.json,.\data\comp3stg\task_40\stator3\Mis_line1d_mid_stator3_task_40.json,.\data\comp3stg\task_40\rotor1\ent_area2d_exit_rotor1_task_40.json,.\data\comp3stg\task_40\rotor2\ent_area2d_exit_rotor2_task_40.json,.\data\comp3stg\task_40\rotor3\ent_area2d_exit_rotor3_task_40.json,.\data\comp3stg\task_40\stator1\ent_area2d_exit_stator1_task_40.json,.\data\comp3stg\task_40\stator2\ent_area2d_exit_stator2_task_40.json,.\data\comp3stg\task_40\stator3\ent_area2d_exit_stator3_task_40.json
.\data\task_41,Design C 100% p2_150000,86.59528,51.80873,Design C,1.785881,1,GAC,1.04,178588.1,.\data\comp3stg\task_41\rotor1\Mis_line1d_mid_rotor1_task_41.json,.\data\comp3stg\task_41\rotor2\Mis_line1d_mid_rotor2_task_41.json,.\data\comp3stg\task_41\rotor3\Mis_line1d_mid_rotor3_task_41.json,.\data\comp3stg\task_41\stator1\Mis_line1d_mid_stator1_task_41.json,.\data\comp3stg\task_41\stator2\Mis_line1d_mid_stator2_task_41.json,.\data\comp3stg\task_41\stator3\Mis_line1d_mid_stator3_task_41.json,.\data\comp3stg\task_41\rotor1\ent_area2d_exit_rotor1_task_41.json,.\data\comp3stg\task_41\rotor2\ent_area2d_exit_rotor2_task_41.json,.\data\comp3stg\task_41\rotor3\ent_area2d_exit_rotor3_task_41.json,.\data\comp3stg\task_41\stator1\ent_area2d_exit_stator1_task_41.json,.\data\comp3stg\task_41\stator2\ent_area2d_exit_stator2_task_41.json,.\data\comp3stg\task_41\stator3\ent_area2d_exit_stator3_task_41.json
.\data\task_42,Design C 100% p2_160000,90.09173,51.6062,Design C,1.866258,1,DA,0.96,186625.8,.\data\comp3stg\task_42\rotor1\Mis_line1d_mid_rotor1_task_42.json,.\data\comp3stg\task_42\rotor2\Mis_line1d_mid_rotor2_task_42.json,.\data\comp3stg\task_42\rotor3\Mis_line1d_mid_rotor3_task_42.json,.\data\comp3stg\task_42\stator1\Mis_line1d_mid_stator1_task_42.json,.\data\comp3stg\task_42\stator2\Mis_line1d_mid_stator2_task_42.json,.\data\comp3stg\task_42\stator3\Mis_line1d_mid_stator3_task_42.json,.\data\comp3stg\task_42\rotor1\ent_area2d_exit_rotor1_task_42.json,.\data\comp3stg\task_42\rotor2\ent_area2d_exit_rotor2_task_42.json,.\data\comp3stg\task_42\rotor3\ent_area2d_exit_rotor3_task_42.json,.\data\comp3stg\task_42\stator1\ent_area2d_exit_stator1_task_42.json,.\data\comp3stg\task_42\stator2\ent_area2d_exit_stator2_task_42.json,.\data\comp3stg\task_42\stator3\ent_area2d_exit_stator3_task_42.json
.\data\task_43,Design C 100% p2_170000,91.53937,50.84376,Design C,1.945216,1,GAC,1,194521.6,.\data\comp3stg\task_43\rotor1\Mis_line1d_mid_rotor1_task_43.json,.\data\comp3stg\task_43\rotor2\Mis_line1d_mid_rotor2_task_43.json,.\data\comp3stg\task_43\rotor3\Mis_line1d_mid_rotor3_task_43.json,.\data\comp3stg\task_43\stator1\Mis_line1d_mid_stator1_task_43.json,.\data\comp3stg\task_43\stator2\Mis_line1d_mid_stator2_task_43.json,.\data\comp3stg\task_43\stator3\Mis_line1d_mid_stator3_task_43.json,.\data\comp3stg\task_43\rotor1\ent_area2d_exit_rotor1_task_43.json,.\data\comp3stg\task_43\rotor2\ent_area2d_exit_rotor2_task_43.json,.\data\comp3stg\task_43\rotor3\ent_area2d_exit_rotor3_task_43.json,.\data\comp3stg\task_43\stator1\ent_area2d_exit_stator1_task_43.json,.\data\comp3stg\task_43\stator2\ent_area2d_exit_stator2_task_43.json,.\data\comp3stg\task_43\stator3\ent_area2d_exit_stator3_task_43.json
.\data\task_44,Design C 100% p2_180000,92.38444,49.81919,Design C,2.025225,1,DA,1.04,202522.5,.\data\comp3stg\task_44\rotor1\Mis_line1d_mid_rotor1_task_44.json,.\data\comp3stg\task_44\rotor2\Mis_line1d_mid_rotor2_task_44.json,.\data\comp3stg\task_44\rotor3\Mis_line1d_mid_rotor3_task_44.json,.\data\comp3stg\task_44\stator1\Mis_line1d_mid_stator1_task_44.json,.\data\comp3stg\task_44\stator2\Mis_line1d_mid_stator2_task_44.json,.\data\comp3stg\task_44\stator3\Mis_line1d_mid_stator3_task_44.json,.\data\comp3stg\task_44\rotor1\ent_area2d_exit_rotor1_task_44.json,.\data\comp3stg\task_44\rotor2\ent_area2d_exit_rotor2_task_44.json,.\data\comp3stg\task_44\rotor3\ent_area2d_exit_rotor3_task_44.json,.\data\comp3stg\task_44\stator1\ent_area2d_exit_stator1_task_44.json,.\data\comp3stg\task_44\stator2\ent_area2d_exit_stator2_task_44.json,.\data\comp3stg\task_44\stator3\ent_area2d_exit_stator3_task_44.json
.\data\task_45,Design C 100% p2_190000,92.89457,48.4651,Design C,2.107482,1,GAC,0.96,210748.2,.\data\comp3stg\task_45\rotor1\Mis_line1d_mid_rotor1_task_45.json,.\data\comp3stg\task_45\rotor2\Mis_line1d_mid_rotor2_task_45.json,.\data\comp3stg\task_45\rotor3\Mis_line1d_mid_rotor3_task_45.json,.\data\comp3stg\task_45\stator1\Mis_line1d_mid_stator1_task_45.json,.\data\comp3stg\task_45\stator2\Mis_line1d_mid_stator2_task_45.json,.\data\comp3stg\task_45\stator3\Mis_line1d_mid_stator3_task_45.json,.\data\comp3stg\task_45\rotor1\ent_area2d_exit_rotor1_task_45.json,.\data\comp3stg\task_45\rotor2\ent_area2d_exit_rotor2_task_45.json,.\data\comp3stg\task_45\rotor3\ent_area2d_exit_rotor3_task_45.json,.\data\comp3stg\task_45\stator1\ent_area2d_exit_stator1_task_45.json,.\data\comp3stg\task_45\stator2\ent_area2d_exit_stator2_task_45.json,.\data\comp3stg\task_45\stator3\ent_area2d_exit_stator3_task_45.json
.\data\task_46,Design C 90% p2_110000,74.14331,46.77576,Design C,1.436239,0.9,DA,1,143623.9,.\data\comp3stg\task_46\rotor1\Mis_line1d_mid_rotor1_task_46.json,.\data\comp3stg\task_46\rotor2\Mis_line1d_mid_rotor2_task_46.json,.\data\comp3stg\task_46\rotor3\Mis_line1d_mid_rotor3_task_46.json,.\data\comp3stg\task_46\stator1\Mis_line1d_mid_stator1_task_46.json,.\data\comp3stg\task_46\stator2\Mis_line1d_mid_stator2_task_46.json,.\data\comp3stg\task_46\stator3\Mis_line1d_mid_stator3_task_46.json,.\data\comp3stg\task_46\rotor1\ent_area2d_exit_rotor1_task_46.json,.\data\comp3stg\task_46\rotor2\ent_area2d_exit_rotor2_task_46.json,.\data\comp3stg\task_46\rotor3\ent_area2d_exit_rotor3_task_46.json,.\data\comp3stg\task_46\stator1\ent_area2d_exit_stator1_task_46.json,.\data\comp3stg\task_46\stator2\ent_area2d_exit_stator2_task_46.json,.\data\comp3stg\task_46\stator3\ent_area2d_exit_stator3_task_46.json
.\data\task_47,Design C 90% p2_120000,79.07591,46.74331,Design C,1.489204,0.9,GAC,1.04,148920.4,.\data\comp3stg\task_47\rotor1\Mis_line1d_mid_rotor1_task_47.json,.\data\comp3stg\task_47\rotor2\Mis_line1d_mid_rotor2_task_47.json,.\data\comp3stg\task_47\rotor3\Mis_line1d_mid_rotor3_task_47.json,.\data\comp3stg\task_47\stator1\Mis_line1d_mid_stator1_task_47.json,.\data\comp3stg\task_47\stator2\Mis_line1d_mid_stator2_task_47.json,.\data\comp3stg\task_47\stator3\Mis_line1d_mid_stator3_task_47.json,.\data\comp3stg\task_47\rotor1\ent_area2d_exit_rotor1_task_47.json,.\data\comp3stg\task_47\rotor2\ent_area2d_exit_rotor2_task_47.json,.\data\comp3stg\task_47\rotor3\ent_area2d_exit_rotor3_task_47.json,.\data\comp3stg\task_47\stator1\ent_area2d_exit_stator1_task_47.json,.\data\comp3stg\task_47\stator2\ent_area2d_exit_stator2_task_47.json,.\data\comp3stg\task_47\stator3\ent_area2d_exit_stator3_task_47.json
.\data\task_48,Design C 90% p2_130000,84.91078,46.74937,Design C,1.559247,0.9,DA,0.96,155924.7,.\data\comp3stg\task_48\rotor1\Mis_line1d_mid_rotor1_task_48.json,.\data\comp3stg\task_48\rotor2\Mis_line1d_mid_rotor2_task_48.json,.\data\comp3stg\task_48\rotor3\Mis_line1d_mid_rotor3_task_48.json,.\data\comp3stg\task_48\stator1\Mis_line1d_mid_stator1_task_48.json,.\data\comp3stg\task_48\stator2\Mis_line1d_mid_stator2_task_48.json,.\data\comp3stg\task_48\stator3\Mis_line1d_mid_stator3_task_48.json,.\data\comp3stg\task_48\rotor1\ent_area2d_exit_rotor1_task_48.json,.\data\comp3stg\task_48\rotor2\ent_area2d_exit_rotor2_task_48.json,.\data\comp3stg\task_48\rotor3\ent_area2d_exit_rotor3_task_48.json,.\data\comp3stg\task_48\stator1\ent_area2d_exit_stator1_task_48.json,.\data\comp3stg\task_48\stator2\ent_area2d_exit_stator2_task_48.json,.\data\comp3stg\task_48\stator3\ent_area2d_exit_stator3_task_48.json
.\data\task_49,Design C 90% p2_140000,89.61167,46.30878,Design C,1.635146,0.9,GAC,1,163514.6,.\data\comp3stg\task_49\rotor1\Mis_line1d_mid_rotor1_task_49.json,.\data\comp3stg\task_49\rotor2\Mis_line1d_mid_rotor2_task_49.json,.\data\comp3stg\task_49\rotor3\Mis_line1d_mid_rotor3_task_49.json,.\data\comp3stg\task_49\stator1\Mis_line1d_mid_stator1_task_49.json,.\data\comp3stg\task_49\stator2\Mis_line1d_mid_stator2_task_49.json,.\data\comp3stg\task_49\stator3\Mis_line1d_mid_stator3_task_49.json,.\data\comp3stg\task_49\rotor1\ent_area2d_exit_rotor1_task_49.json,.\data\comp3stg\task_49\rotor2\ent_area2d_exit_rotor2_task_49.json,.\data\comp3stg\task_49\rotor3\ent_area2d_exit_rotor3_task_49.json,.\data\comp3stg\task_49\stator1\ent_area2d_exit_stator1_task_49.json,.\data\comp3stg\task_49\stator2\ent_area2d_exit_stator2_task_49.json,.\data\comp3stg\task_49\stator3\ent_area2d_exit_stator3_task_49.json
.\data\task_50,Design C 90% p2_150000,91.61307,45.26789,Design C,1.710861,0.9,DA,1.04,171086.1,.\data\comp3stg\task_50\rotor1\Mis_line1d_mid_rotor1_task_50.json,.\data\comp3stg\task_50\rotor2\Mis_line1d_mid_rotor2_task_50.json,.\data\comp3stg\task_50\rotor3\Mis_line1d_mid_rotor3_task_50.json,.\data\comp3stg\task_50\stator1\Mis_line1d_mid_stator1_task_50.json,.\data\comp3stg\task_50\stator2\Mis_line1d_mid_stator2_task_50.json,.\data\comp3stg\task_50\stator3\Mis_line1d_mid_stator3_task_50.json,.\data\comp3stg\task_50\rotor1\ent_area2d_exit_rotor1_task_50.json,.\data\comp3stg\task_50\rotor2\ent_area2d_exit_rotor2_task_50.json,.\data\comp3stg\task_50\rotor3\ent_area2d_exit_rotor3_task_50.json,.\data\comp3stg\task_50\stator1\ent_area2d_exit_stator1_task_50.json,.\data\comp3stg\task_50\stator2\ent_area2d_exit_stator2_task_50.json,.\data\comp3stg\task_50\stator3\ent_area2d_exit_stator3_task_50.json
.\data\task_51,Design C 90% p2_160000,92.68741,43.88658,Design C,1.788069,0.9,GAC,0.96,178806.9,.\data\comp3stg\task_51\rotor1\Mis_line1d_mid_rotor1_task_51.json,.\data\comp3stg\task_51\rotor2\Mis_line1d_mid_rotor2_task_51.json,.\data\comp3stg\task_51\rotor3\Mis_line1d_mid_rotor3_task_51.json,.\data\comp3stg\task_51\stator1\Mis_line1d_mid_stator1_task_51.json,.\data\comp3stg\task_51\stator2\Mis_line1d_mid_stator2_task_51.json,.\data\comp3stg\task_51\stator3\Mis_line1d_mid_stator3_task_51.json,.\data\comp3stg\task_51\rotor1\ent_area2d_exit_rotor1_task_51.json,.\data\comp3stg\task_51\rotor2\ent_area2d_exit_rotor2_task_51.json,.\data\comp3stg\task_51\rotor3\ent_area2d_exit_rotor3_task_51.json,.\data\comp3stg\task_51\stator1\ent_area2d_exit_stator1_task_51.json,.\data\comp3stg\task_51\stator2\ent_area2d_exit_stator2_task_51.json,.\data\comp3stg\task_51\stator3\ent_area2d_exit_stator3_task_51.json
.\data\task_52,Design C 90% p2_170000,93.06691,41.99544,Design C,1.864946,0.9,DA,1,186494.6,.\data\comp3stg\task_52\rotor1\Mis_line1d_mid_rotor1_task_52.json,.\data\comp3stg\task_52\rotor2\Mis_line1d_mid_rotor2_task_52.json,.\data\comp3stg\task_52\rotor3\Mis_line1d_mid_rotor3_task_52.json,.\data\comp3stg\task_52\stator1\Mis_line1d_mid_stator1_task_52.json,.\data\comp3stg\task_52\stator2\Mis_line1d_mid_stator2_task_52.json,.\data\comp3stg\task_52\stator3\Mis_line1d_mid_stator3_task_52.json,.\data\comp3stg\task_52\rotor1\ent_area2d_exit_rotor1_task_52.json,.\data\comp3stg\task_52\rotor2\ent_area2d_exit_rotor2_task_52.json,.\data\comp3stg\task_52\rotor3\ent_area2d_exit_rotor3_task_52.json,.\data\comp3stg\task_52\stator1\ent_area2d_exit_stator1_task_52.json,.\data\comp3stg\task_52\stator2\ent_area2d_exit_stator2_task_52.json,.\data\comp3stg\task_52\stator3\ent_area2d_exit_stator3_task_52.json
.\data\task_53,Design C 80% p2_90000,62.53687,42.0103,Design C,1.25842,0.8,GAC,1.04,125842,.\data\comp3stg\task_53\rotor1\Mis_line1d_mid_rotor1_task_53.json,.\data\comp3stg\task_53\rotor2\Mis_line1d_mid_rotor2_task_53.json,.\data\comp3stg\task_53\rotor3\Mis_line1d_mid_rotor3_task_53.json,.\data\comp3stg\task_53\stator1\Mis_line1d_mid_stator1_task_53.json,.\data\comp3stg\task_53\stator2\Mis_line1d_mid_stator2_task_53.json,.\data\comp3stg\task_53\stator3\Mis_line1d_mid_stator3_task_53.json,.\data\comp3stg\task_53\rotor1\ent_area2d_exit_rotor1_task_53.json,.\data\comp3stg\task_53\rotor2\ent_area2d_exit_rotor2_task_53.json,.\data\comp3stg\task_53\rotor3\ent_area2d_exit_rotor3_task_53.json,.\data\comp3stg\task_53\stator1\ent_area2d_exit_stator1_task_53.json,.\data\comp3stg\task_53\stator2\ent_area2d_exit_stator2_task_53.json,.\data\comp3stg\task_53\stator3\ent_area2d_exit_stator3_task_53.json
.\data\task_54,Design C 80% p2_100000,69.62771,41.9909,Design C,1.29631,0.8,DA,0.96,129631,.\data\comp3stg\task_54\rotor1\Mis_line1d_mid_rotor1_task_54.json,.\data\comp3stg\task_54\rotor2\Mis_line1d_mid_rotor2_task_54.json,.\data\comp3stg\task_54\rotor3\Mis_line1d_mid_rotor3_task_54.json,.\data\comp3stg\task_54\stator1\Mis_line1d_mid_stator1_task_54.json,.\data\comp3stg\task_54\stator2\Mis_line1d_mid_stator2_task_54.json,.\data\comp3stg\task_54\stator3\Mis_line1d_mid_stator3_task_54.json,.\data\comp3stg\task_54\rotor1\ent_area2d_exit_rotor1_task_54.json,.\data\comp3stg\task_54\rotor2\ent_area2d_exit_rotor2_task_54.json,.\data\comp3stg\task_54\rotor3\ent_area2d_exit_rotor3_task_54.json,.\data\comp3stg\task_54\stator1\ent_area2d_exit_stator1_task_54.json,.\data\comp3stg\task_54\stator2\ent_area2d_exit_stator2_task_54.json,.\data\comp3stg\task_54\stator3\ent_area2d_exit_stator3_task_54.json
.\data\task_55,Design C 80% p2_110000,78.54327,41.95366,Design C,1.352803,0.8,GAC,1,135280.3,.\data\comp3stg\task_55\rotor1\Mis_line1d_mid_rotor1_task_55.json,.\data\comp3stg\task_55\rotor2\Mis_line1d_mid_rotor2_task_55.json,.\data\comp3stg\task_55\rotor3\Mis_line1d_mid_rotor3_task_55.json,.\data\comp3stg\task_55\stator1\Mis_line1d_mid_stator1_task_55.json,.\data\comp3stg\task_55\stator2\Mis_line1d_mid_stator2_task_55.json,.\data\comp3stg\task_55\stator3\Mis_line1d_mid_stator3_task_55.json,.\data\comp3stg\task_55\rotor1\ent_area2d_exit_rotor1_task_55.json,.\data\comp3stg\task_55\rotor2\ent_area2d_exit_rotor2_task_55.json,.\data\comp3stg\task_55\rotor3\ent_area2d_exit_rotor3_task_55.json,.\data\comp3stg\task_55\stator1\ent_area2d_exit_stator1_task_55.json,.\data\comp3stg\task_55\stator2\ent_area2d_exit_stator2_task_55.json,.\data\comp3stg\task_55\stator3\ent_area2d_exit_stator3_task_55.json
.\data\task_56,Design C 80% p2_120000,86.08909,41.57119,Design C,1.415831,0.8,DA,1.04,141583.1,.\data\comp3stg\task_56\rotor1\Mis_line1d_mid_rotor1_task_56.json,.\data\comp3stg\task_56\rotor2\Mis_line1d_mid_rotor2_task_56.json,.\data\comp3stg\task_56\rotor3\Mis_line1d_mid_rotor3_task_56.json,.\data\comp3stg\task_56\stator1\Mis_line1d_mid_stator1_task_56.json,.\data\comp3stg\task_56\stator2\Mis_line1d_mid_stator2_task_56.json,.\data\comp3stg\task_56\stator3\Mis_line1d_mid_stator3_task_56.json,.\data\comp3stg\task_56\rotor1\ent_area2d_exit_rotor1_task_56.json,.\data\comp3stg\task_56\rotor2\ent_area2d_exit_rotor2_task_56.json,.\data\comp3stg\task_56\rotor3\ent_area2d_exit_rotor3_task_56.json,.\data\comp3stg\task_56\stator1\ent_area2d_exit_stator1_task_56.json,.\data\comp3stg\task_56\stator2\ent_area2d_exit_stator2_task_56.json,.\data\comp3stg\task_56\stator3\ent_area2d_exit_stator3_task_56.json
.\data\task_57,Design C 80% p2_130000,90.25924,40.52286,Design C,1.48731,0.8,GAC,0.96,148731,.\data\comp3stg\task_57\rotor1\Mis_line1d_mid_rotor1_task_57.json,.\data\comp3stg\task_57\rotor2\Mis_line1d_mid_rotor2_task_57.json,.\data\comp3stg\task_57\rotor3\Mis_line1d_mid_rotor3_task_57.json,.\data\comp3stg\task_57\stator1\Mis_line1d_mid_stator1_task_57.json,.\data\comp3stg\task_57\stator2\Mis_line1d_mid_stator2_task_57.json,.\data\comp3stg\task_57\stator3\Mis_line1d_mid_stator3_task_57.json,.\data\comp3stg\task_57\rotor1\ent_area2d_exit_rotor1_task_57.json,.\data\comp3stg\task_57\rotor2\ent_area2d_exit_rotor2_task_57.json,.\data\comp3stg\task_57\rotor3\ent_area2d_exit_rotor3_task_57.json,.\data\comp3stg\task_57\stator1\ent_area2d_exit_stator1_task_57.json,.\data\comp3stg\task_57\stator2\ent_area2d_exit_stator2_task_57.json,.\data\comp3stg\task_57\stator3\ent_area2d_exit_stator3_task_57.json
.\data\task_58,Design C 80% p2_140000,92.27844,38.89184,Design C,1.56157,0.8,DA,1,156157,.\data\comp3stg\task_58\rotor1\Mis_line1d_mid_rotor1_task_58.json,.\data\comp3stg\task_58\rotor2\Mis_line1d_mid_rotor2_task_58.json,.\data\comp3stg\task_58\rotor3\Mis_line1d_mid_rotor3_task_58.json,.\data\comp3stg\task_58\stator1\Mis_line1d_mid_stator1_task_58.json,.\data\comp3stg\task_58\stator2\Mis_line1d_mid_stator2_task_58.json,.\data\comp3stg\task_58\stator3\Mis_line1d_mid_stator3_task_58.json,.\data\comp3stg\task_58\rotor1\ent_area2d_exit_rotor1_task_58.json,.\data\comp3stg\task_58\rotor2\ent_area2d_exit_rotor2_task_58.json,.\data\comp3stg\task_58\rotor3\ent_area2d_exit_rotor3_task_58.json,.\data\comp3stg\task_58\stator1\ent_area2d_exit_stator1_task_58.json,.\data\comp3stg\task_58\stator2\ent_area2d_exit_stator2_task_58.json,.\data\comp3stg\task_58\stator3\ent_area2d_exit_stator3_task_58.json
.\data\task_59,Design C 80% p2_150000,93.0589,36.67851,Design C,1.6359,0.8,GAC,1.04,163590,.\data\comp3stg\task_59\rotor1\Mis_line1d_mid_rotor1_task_59.json,.\data\comp3stg\task_59\rotor2\Mis_line1d_mid_rotor2_task_59.json,.\data\comp3stg\task_59\rotor3\Mis_line1d_mid_rotor3_task_59.json,.\data\comp3stg\task_59\stator1\Mis_line1d_mid_stator1_task_59.json,.\data\comp3stg\task_59\stator2\Mis_line1d_mid_stator2_task_59.json,.\data\comp3stg\task_59\stator3\Mis_line1d_mid_stator3_task_59.json,.\data\comp3stg\task_59\rotor1\ent_area2d_exit_rotor1_task_59.json,.\data\comp3stg\task_59\rotor2\ent_area2d_exit_rotor2_task_59.json,.\data\comp3stg\task_59\rotor3\ent_area2d_exit_rotor3_task_59.json,.\data\comp3stg\task_59\stator1\ent_area2d_exit_stator1_task_59.json,.\data\comp3stg\task_59\stator2\ent_area2d_exit_stator2_task_59.json,.\data\comp3stg\task_59\stator3\ent_area2d_exit_stator3_task_59.json
.\data\task_60,Design D 100% p2_140000,83.51631,51.88483,Design D,1.71209,1,DA,0.96,171209,.\data\comp3stg\task_60\rotor1\Mis_line1d_mid_rotor1_task_60.json,.\data\comp3stg\task_60\rotor2\Mis_line1d_mid_rotor2_task_60.json,.\data\comp3stg\task_60\rotor3\Mis_line1d_mid_rotor3_task_60.json,.\data\comp3stg\task_60\stator1\Mis_line1d_mid_stator1_task_60.json,.\data\comp3stg\task_60\stator2\Mis_line1d_mid_stator2_task_60.json,.\data\comp3stg\task_60\stator3\Mis_line1d_mid_stator3_task_60.json,.\data\comp3stg\task_60\rotor1\ent_area2d_exit_rotor1_task_60.json,.\data\comp3stg\task_60\rotor2\ent_area2d_exit_rotor2_task_60.json,.\data\comp3stg\task_60\rotor3\ent_area2d_exit_rotor3_task_60.json,.\data\comp3stg\task_60\stator1\ent_area2d_exit_stator1_task_60.json,.\data\comp3stg\task_60\stator2\ent_area2d_exit_stator2_task_60.json,.\data\comp3stg\task_60\stator3\ent_area2d_exit_stator3_task_60.json
.\data\task_61,Design D 100% p2_150000,86.6899,51.85881,Design D,1.787169,1,GAC,1,178716.9,.\data\comp3stg\task_61\rotor1\Mis_line1d_mid_rotor1_task_61.json,.\data\comp3stg\task_61\rotor2\Mis_line1d_mid_rotor2_task_61.json,.\data\comp3stg\task_61\rotor3\Mis_line1d_mid_rotor3_task_61.json,.\data\comp3stg\task_61\stator1\Mis_line1d_mid_stator1_task_61.json,.\data\comp3stg\task_61\stator2\Mis_line1d_mid_stator2_task_61.json,.\data\comp3stg\task_61\stator3\Mis_line1d_mid_stator3_task_61.json,.\data\comp3stg\task_61\rotor1\ent_area2d_exit_rotor1_task_61.json,.\data\comp3stg\task_61\rotor2\ent_area2d_exit_rotor2_task_61.json,.\data\comp3stg\task_61\rotor3\ent_area2d_exit_rotor3_task_61.json,.\data\comp3stg\task_61\stator1\ent_area2d_exit_stator1_task_61.json,.\data\comp3stg\task_61\stator2\ent_area2d_exit_stator2_task_61.json,.\data\comp3stg\task_61\stator3\ent_area2d_exit_stator3_task_61.json
.\data\task_62,Design D 100% p2_160000,90.11619,51.64661,Design D,1.866713,1,DA,1.04,186671.3,.\data\comp3stg\task_62\rotor1\Mis_line1d_mid_rotor1_task_62.json,.\data\comp3stg\task_62\rotor2\Mis_line1d_mid_rotor2_task_62.json,.\data\comp3stg\task_62\rotor3\Mis_line1d_mid_rotor3_task_62.json,.\data\comp3stg\task_62\stator1\Mis_line1d_mid_stator1_task_62.json,.\data\comp3stg\task_62\stator2\Mis_line1d_mid_stator2_task_62.json,.\data\comp3stg\task_62\stator3\Mis_line1d_mid_stator3_task_62.json,.\data\comp3stg\task_62\rotor1\ent_area2d_exit_rotor1_task_62.json,.\data\comp3stg\task_62\rotor2\ent_area2d_exit_rotor2_task_62.json,.\data\comp3stg\task_62\rotor3\ent_area2d_exit_rotor3_task_62.json,.\data\comp3stg\task_62\stator1\ent_area2d_exit_stator1_task_62.json,.\data\comp3stg\task_62\stator2\ent_area2d_exit_stator2_task_62.json,.\data\comp3stg\task_62\stator3\ent_area2d_exit_stator3_task_62.json
.\data\task_63,Design D 100% p2_170000,91.55427,50.91265,Design D,1.945883,1,GAC,0.96,194588.3,.\data\comp3stg\task_63\rotor1\Mis_line1d_mid_rotor1_task_63.json,.\data\comp3stg\task_63\rotor2\Mis_line1d_mid_rotor2_task_63.json,.\data\comp3stg\task_63\rotor3\Mis_line1d_mid_rotor3_task_63.json,.\data\comp3stg\task_63\stator1\Mis_line1d_mid_stator1_task_63.json,.\data\comp3stg\task_63\stator2\Mis_line1d_mid_stator2_task_63.json,.\data\comp3stg\task_63\stator3\Mis_line1d_mid_stator3_task_63.json,.\data\comp3stg\task_63\rotor1\ent_area2d_exit_rotor1_task_63.json,.\data\comp3stg\task_63\rotor2\ent_area2d_exit_rotor2_task_63.json,.\data\comp3stg\task_63\rotor3\ent_area2d_exit_rotor3_task_63.json,.\data\comp3stg\task_63\stator1\ent_area2d_exit_stator1_task_63.json,.\data\comp3stg\task_63\stator2\ent_area2d_exit_stator2_task_63.json,.\data\comp3stg\task_63\stator3\ent_area2d_exit_stator3_task_63.json
.\data\task_64,Design D 100% p2_180000,92.37103,49.88363,Design D,2.025576,1,DA,1,202557.6,.\data\comp3stg\task_64\rotor1\Mis_line1d_mid_rotor1_task_64.json,.\data\comp3stg\task_64\rotor2\Mis_line1d_mid_rotor2_task_64.json,.\data\comp3stg\task_64\rotor3\Mis_line1d_mid_rotor3_task_64.json,.\data\comp3stg\task_64\stator1\Mis_line1d_mid_stator1_task_64.json,.\data\comp3stg\task_64\stator2\Mis_line1d_mid_stator2_task_64.json,.\data\comp3stg\task_64\stator3\Mis_line1d_mid_stator3_task_64.json,.\data\comp3stg\task_64\rotor1\ent_area2d_exit_rotor1_task_64.json,.\data\comp3stg\task_64\rotor2\ent_area2d_exit_rotor2_task_64.json,.\data\comp3stg\task_64\rotor3\ent_area2d_exit_rotor3_task_64.json,.\data\comp3stg\task_64\stator1\ent_area2d_exit_stator1_task_64.json,.\data\comp3stg\task_64\stator2\ent_area2d_exit_stator2_task_64.json,.\data\comp3stg\task_64\stator3\ent_area2d_exit_stator3_task_64.json
.\data\task_65,Design D 100% p2_190000,92.83365,48.55642,Design D,2.108516,1,GAC,1.04,210851.6,.\data\comp3stg\task_65\rotor1\Mis_line1d_mid_rotor1_task_65.json,.\data\comp3stg\task_65\rotor2\Mis_line1d_mid_rotor2_task_65.json,.\data\comp3stg\task_65\rotor3\Mis_line1d_mid_rotor3_task_65.json,.\data\comp3stg\task_65\stator1\Mis_line1d_mid_stator1_task_65.json,.\data\comp3stg\task_65\stator2\Mis_line1d_mid_stator2_task_65.json,.\data\comp3stg\task_65\stator3\Mis_line1d_mid_stator3_task_65.json,.\data\comp3stg\task_65\rotor1\ent_area2d_exit_rotor1_task_65.json,.\data\comp3stg\task_65\rotor2\ent_area2d_exit_rotor2_task_65.json,.\data\comp3stg\task_65\rotor3\ent_area2d_exit_rotor3_task_65.json,.\data\comp3stg\task_65\stator1\ent_area2d_exit_stator1_task_65.json,.\data\comp3stg\task_65\stator2\ent_area2d_exit_stator2_task_65.json,.\data\comp3stg\task_65\stator3\ent_area2d_exit_stator3_task_65.json
.\data\task_66,Design D 90% p2_110000,74.94646,46.84214,Design D,1.439822,0.9,DA,0.96,143982.2,.\data\comp3stg\task_66\rotor1\Mis_line1d_mid_rotor1_task_66.json,.\data\comp3stg\task_66\rotor2\Mis_line1d_mid_rotor2_task_66.json,.\data\comp3stg\task_66\rotor3\Mis_line1d_mid_rotor3_task_66.json,.\data\comp3stg\task_66\stator1\Mis_line1d_mid_stator1_task_66.json,.\data\comp3stg\task_66\stator2\Mis_line1d_mid_stator2_task_66.json,.\data\comp3stg\task_66\stator3\Mis_line1d_mid_stator3_task_66.json,.\data\comp3stg\task_66\rotor1\ent_area2d_exit_rotor1_task_66.json,.\data\comp3stg\task_66\rotor2\ent_area2d_exit_rotor2_task_66.json,.\data\comp3stg\task_66\rotor3\ent_area2d_exit_rotor3_task_66.json,.\data\comp3stg\task_66\stator1\ent_area2d_exit_stator1_task_66.json,.\data\comp3stg\task_66\stator2\ent_area2d_exit_stator2_task_66.json,.\data\comp3stg\task_66\stator3\ent_area2d_exit_stator3_task_66.json
.\data\task_67,Design D 90% p2_120000,80.36286,46.81968,Design D,1.495827,0.9,GAC,1,149582.7,.\data\comp3stg\task_67\rotor1\Mis_line1d_mid_rotor1_task_67.json,.\data\comp3stg\task_67\rotor2\Mis_line1d_mid_rotor2_task_67.json,.\data\comp3stg\task_67\rotor3\Mis_line1d_mid_rotor3_task_67.json,.\data\comp3stg\task_67\stator1\Mis_line1d_mid_stator1_task_67.json,.\data\comp3stg\task_67\stator2\Mis_line1d_mid_stator2_task_67.json,.\data\comp3stg\task_67\stator3\Mis_line1d_mid_stator3_task_67.json,.\data\comp3stg\task_67\rotor1\ent_area2d_exit_rotor1_task_67.json,.\data\comp3stg\task_67\rotor2\ent_area2d_exit_rotor2_task_67.json,.\data\comp3stg\task_67\rotor3\ent_area2d_exit_rotor3_task_67.json,.\data\comp3stg\task_67\stator1\ent_area2d_exit_stator1_task_67.json,.\data\comp3stg\task_67\stator2\ent_area2d_exit_stator2_task_67.json,.\data\comp3stg\task_67\stator3\ent_area2d_exit_stator3_task_67.json
.\data\task_68,Design D 90% p2_130000,85.20143,46.79285,Design D,1.560864,0.9,DA,1.04,156086.4,.\data\comp3stg\task_68\rotor1\Mis_line1d_mid_rotor1_task_68.json,.\data\comp3stg\task_68\rotor2\Mis_line1d_mid_rotor2_task_68.json,.\data\comp3stg\task_68\rotor3\Mis_line1d_mid_rotor3_task_68.json,.\data\comp3stg\task_68\stator1\Mis_line1d_mid_stator1_task_68.json,.\data\comp3stg\task_68\stator2\Mis_line1d_mid_stator2_task_68.json,.\data\comp3stg\task_68\stator3\Mis_line1d_mid_stator3_task_68.json,.\data\comp3stg\task_68\rotor1\ent_area2d_exit_rotor1_task_68.json,.\data\comp3stg\task_68\rotor2\ent_area2d_exit_rotor2_task_68.json,.\data\comp3stg\task_68\rotor3\ent_area2d_exit_rotor3_task_68.json,.\data\comp3stg\task_68\stator1\ent_area2d_exit_stator1_task_68.json,.\data\comp3stg\task_68\stator2\ent_area2d_exit_stator2_task_68.json,.\data\comp3stg\task_68\stator3\ent_area2d_exit_stator3_task_68.json
.\data\task_69,Design D 90% p2_140000,89.68886,46.3638,Design D,1.636113,0.9,GAC,0.96,163611.3,.\data\comp3stg\task_69\rotor1\Mis_line1d_mid_rotor1_task_69.json,.\data\comp3stg\task_69\rotor2\Mis_line1d_mid_rotor2_task_69.json,.\data\comp3stg\task_69\rotor3\Mis_line1d_mid_rotor3_task_69.json,.\data\comp3stg\task_69\stator1\Mis_line1d_mid_stator1_task_69.json,.\data\comp3stg\task_69\stator2\Mis_line1d_mid_stator2_task_69.json,.\data\comp3stg\task_69\stator3\Mis_line1d_mid_stator3_task_69.json,.\data\comp3stg\task_69\rotor1\ent_area2d_exit_rotor1_task_69.json,.\data\comp3stg\task_69\rotor2\ent_area2d_exit_rotor2_task_69.json,.\data\comp3stg\task_69\rotor3\ent_area2d_exit_rotor3_task_69.json,.\data\comp3stg\task_69\stator1\ent_area2d_exit_stator1_task_69.json,.\data\comp3stg\task_69\stator2\ent_area2d_exit_stator2_task_69.json,.\data\comp3stg\task_69\stator3\ent_area2d_exit_stator3_task_69.json
.\data\task_70,Design D 90% p2_150000,91.58084,45.32209,Design D,1.71151,0.9,DA,1,171151,.\data\comp3stg\task_70\rotor1\Mis_line1d_mid_rotor1_task_70.json,.\data\comp3stg\task_70\rotor2\Mis_line1d_mid_rotor2_task_70.json,.\data\comp3stg\task_70\rotor3\Mis_line1d_mid_rotor3_task_70.json,.\data\comp3stg\task_70\stator1\Mis_line1d_mid_stator1_task_70.json,.\data\comp3stg\task_70\stator2\Mis_line1d_mid_stator2_task_70.json,.\data\comp3stg\task_70\stator3\Mis_line1d_mid_stator3_task_70.json,.\data\comp3stg\task_70\rotor1\ent_area2d_exit_rotor1_task_70.json,.\data\comp3stg\task_70\rotor2\ent_area2d_exit_rotor2_task_70.json,.\data\comp3stg\task_70\rotor3\ent_area2d_exit_rotor3_task_70.json,.\data\comp3stg\task_70\stator1\ent_area2d_exit_stator1_task_70.json,.\data\comp3stg\task_70\stator2\ent_area2d_exit_stator2_task_70.json,.\data\comp3stg\task_70\stator3\ent_area2d_exit_stator3_task_70.json
.\data\task_71,Design D 90% p2_160000,92.66448,43.92887,Design D,1.788233,0.9,GAC,1.04,178823.3,.\data\comp3stg\task_71\rotor1\Mis_line1d_mid_rotor1_task_71.json,.\data\comp3stg\task_71\rotor2\Mis_line1d_mid_rotor2_task_71.json,.\data\comp3stg\task_71\rotor3\Mis_line1d_mid_rotor3_task_71.json,.\data\comp3stg\task_71\stator1\Mis_line1d_mid_stator1_task_71.json,.\data\comp3stg\task_71\stator2\Mis_line1d_mid_stator2_task_71.json,.\data\comp3stg\task_71\stator3\Mis_line1d_mid_stator3_task_71.json,.\data\comp3stg\task_71\rotor1\ent_area2d_exit_rotor1_task_71.json,.\data\comp3stg\task_71\rotor2\ent_area2d_exit_rotor2_task_71.json,.\data\comp3stg\task_71\rotor3\ent_area2d_exit_rotor3_task_71.json,.\data\comp3stg\task_71\stator1\ent_area2d_exit_stator1_task_71.json,.\data\comp3stg\task_71\stator2\ent_area2d_exit_stator2_task_71.json,.\data\comp3stg\task_71\stator3\ent_area2d_exit_stator3_task_71.json
.\data\task_72,Design D 90% p2_170000,93.06512,42.05704,Design D,1.865714,0.9,DA,0.96,186571.4,.\data\comp3stg\task_72\rotor1\Mis_line1d_mid_rotor1_task_72.json,.\data\comp3stg\task_72\rotor2\Mis_line1d_mid_rotor2_task_72.json,.\data\comp3stg\task_72\rotor3\Mis_line1d_mid_rotor3_task_72.json,.\data\comp3stg\task_72\stator1\Mis_line1d_mid_stator1_task_72.json,.\data\comp3stg\task_72\stator2\Mis_line1d_mid_stator2_task_72.json,.\data\comp3stg\task_72\stator3\Mis_line1d_mid_stator3_task_72.json,.\data\comp3stg\task_72\rotor1\ent_area2d_exit_rotor1_task_72.json,.\data\comp3stg\task_72\rotor2\ent_area2d_exit_rotor2_task_72.json,.\data\comp3stg\task_72\rotor3\ent_area2d_exit_rotor3_task_72.json,.\data\comp3stg\task_72\stator1\ent_area2d_exit_stator1_task_72.json,.\data\comp3stg\task_72\stator2\ent_area2d_exit_stator2_task_72.json,.\data\comp3stg\task_72\stator3\ent_area2d_exit_stator3_task_72.json
.\data\task_73,Design D 80% p2_90000,64.11477,42.08138,Design D,1.256972,0.8,GAC,1,125697.2,.\data\comp3stg\task_73\rotor1\Mis_line1d_mid_rotor1_task_73.json,.\data\comp3stg\task_73\rotor2\Mis_line1d_mid_rotor2_task_73.json,.\data\comp3stg\task_73\rotor3\Mis_line1d_mid_rotor3_task_73.json,.\data\comp3stg\task_73\stator1\Mis_line1d_mid_stator1_task_73.json,.\data\comp3stg\task_73\stator2\Mis_line1d_mid_stator2_task_73.json,.\data\comp3stg\task_73\stator3\Mis_line1d_mid_stator3_task_73.json,.\data\comp3stg\task_73\rotor1\ent_area2d_exit_rotor1_task_73.json,.\data\comp3stg\task_73\rotor2\ent_area2d_exit_rotor2_task_73.json,.\data\comp3stg\task_73\rotor3\ent_area2d_exit_rotor3_task_73.json,.\data\comp3stg\task_73\stator1\ent_area2d_exit_stator1_task_73.json,.\data\comp3stg\task_73\stator2\ent_area2d_exit_stator2_task_73.json,.\data\comp3stg\task_73\stator3\ent_area2d_exit_stator3_task_73.json
.\data\task_74,Design D 80% p2_100000,69.91325,42.07336,Design D,1.296253,0.8,DA,1.04,129625.3,.\data\comp3stg\task_74\rotor1\Mis_line1d_mid_rotor1_task_74.json,.\data\comp3stg\task_74\rotor2\Mis_line1d_mid_rotor2_task_74.json,.\data\comp3stg\task_74\rotor3\Mis_line1d_mid_rotor3_task_74.json,.\data\comp3stg\task_74\stator1\Mis_line1d_mid_stator1_task_74.json,.\data\comp3stg\task_74\stator2\Mis_line1d_mid_stator2_task_74.json,.\data\comp3stg\task_74\stator3\Mis_line1d_mid_stator3_task_74.json,.\data\comp3stg\task_74\rotor1\ent_area2d_exit_rotor1_task_74.json,.\data\comp3stg\task_74\rotor2\ent_area2d_exit_rotor2_task_74.json,.\data\comp3stg\task_74\rotor3\ent_area2d_exit_rotor3_task_74.json,.\data\comp3stg\task_74\stator1\ent_area2d_exit_stator1_task_74.json,.\data\comp3stg\task_74\stator2\ent_area2d_exit_stator2_task_74.json,.\data\comp3stg\task_74\stator3\ent_area2d_exit_stator3_task_74.json
.\data\task_75,Design D 80% p2_110000,79.30642,42.04916,Design D,1.352819,0.8,GAC,0.96,135281.9,.\data\comp3stg\task_75\rotor1\Mis_line1d_mid_rotor1_task_75.json,.\data\comp3stg\task_75\rotor2\Mis_line1d_mid_rotor2_task_75.json,.\data\comp3stg\task_75\rotor3\Mis_line1d_mid_rotor3_task_75.json,.\data\comp3stg\task_75\stator1\Mis_line1d_mid_stator1_task_75.json,.\data\comp3stg\task_75\stator2\Mis_line1d_mid_stator2_task_75.json,.\data\comp3stg\task_75\stator3\Mis_line1d_mid_stator3_task_75.json,.\data\comp3stg\task_75\rotor1\ent_area2d_exit_rotor1_task_75.json,.\data\comp3stg\task_75\rotor2\ent_area2d_exit_rotor2_task_75.json,.\data\comp3stg\task_75\rotor3\ent_area2d_exit_rotor3_task_75.json,.\data\comp3stg\task_75\stator1\ent_area2d_exit_stator1_task_75.json,.\data\comp3stg\task_75\stator2\ent_area2d_exit_stator2_task_75.json,.\data\comp3stg\task_75\stator3\ent_area2d_exit_stator3_task_75.json
.\data\task_76,Design D 80% p2_120000,86.25673,41.59515,Design D,1.41659,0.8,DA,1,141659,.\data\comp3stg\task_76\rotor1\Mis_line1d_mid_rotor1_task_76.json,.\data\comp3stg\task_76\rotor2\Mis_line1d_mid_rotor2_task_76.json,.\data\comp3stg\task_76\rotor3\Mis_line1d_mid_rotor3_task_76.json,.\data\comp3stg\task_76\stator1\Mis_line1d_mid_stator1_task_76.json,.\data\comp3stg\task_76\stator2\Mis_line1d_mid_stator2_task_76.json,.\data\comp3stg\task_76\stator3\Mis_line1d_mid_stator3_task_76.json,.\data\comp3stg\task_76\rotor1\ent_area2d_exit_rotor1_task_76.json,.\data\comp3stg\task_76\rotor2\ent_area2d_exit_rotor2_task_76.json,.\data\comp3stg\task_76\rotor3\ent_area2d_exit_rotor3_task_76.json,.\data\comp3stg\task_76\stator1\ent_area2d_exit_stator1_task_76.json,.\data\comp3stg\task_76\stator2\ent_area2d_exit_stator2_task_76.json,.\data\comp3stg\task_76\stator3\ent_area2d_exit_stator3_task_76.json
.\data\task_77,Design D 80% p2_130000,90.26047,40.50682,Design D,1.4879,0.8,GAC,1.04,148790,.\data\comp3stg\task_77\rotor1\Mis_line1d_mid_rotor1_task_77.json,.\data\comp3stg\task_77\rotor2\Mis_line1d_mid_rotor2_task_77.json,.\data\comp3stg\task_77\rotor3\Mis_line1d_mid_rotor3_task_77.json,.\data\comp3stg\task_77\stator1\Mis_line1d_mid_stator1_task_77.json,.\data\comp3stg\task_77\stator2\Mis_line1d_mid_stator2_task_77.json,.\data\comp3stg\task_77\stator3\Mis_line1d_mid_stator3_task_77.json,.\data\comp3stg\task_77\rotor1\ent_area2d_exit_rotor1_task_77.json,.\data\comp3stg\task_77\rotor2\ent_area2d_exit_rotor2_task_77.json,.\data\comp3stg\task_77\rotor3\ent_area2d_exit_rotor3_task_77.json,.\data\comp3stg\task_77\stator1\ent_area2d_exit_stator1_task_77.json,.\data\comp3stg\task_77\stator2\ent_area2d_exit_stator2_task_77.json,.\data\comp3stg\task_77\stator3\ent_area2d_exit_stator3_task_77.json
.\data\task_78,Design D 80% p2_140000,92.27841,38.93409,Design D,1.561545,0.8,DA,0.96,156154.5,.\data\comp3stg\task_78\rotor1\Mis_line1d_mid_rotor1_task_78.json,.\data\comp3stg\task_78\rotor2\Mis_line1d_mid_rotor2_task_78.json,.\data\comp3stg\task_78\rotor3\Mis_line1d_mid_rotor3_task_78.json,.\data\comp3stg\task_78\stator1\Mis_line1d_mid_stator1_task_78.json,.\data\comp3stg\task_78\stator2\Mis_line1d_mid_stator2_task_78.json,.\data\comp3stg\task_78\stator3\Mis_line1d_mid_stator3_task_78.json,.\data\comp3stg\task_78\rotor1\ent_area2d_exit_rotor1_task_78.json,.\data\comp3stg\task_78\rotor2\ent_area2d_exit_rotor2_task_78.json,.\data\comp3stg\task_78\rotor3\ent_area2d_exit_rotor3_task_78.json,.\data\comp3stg\task_78\stator1\ent_area2d_exit_stator1_task_78.json,.\data\comp3stg\task_78\stator2\ent_area2d_exit_stator2_task_78.json,.\data\comp3stg\task_78\stator3\ent_area2d_exit_stator3_task_78.json
.\data\task_79,Design D 80% p2_150000,93.07158,36.74324,Design D,1.635925,0.8,GAC,1,163592.5,.\data\comp3stg\task_79\rotor1\Mis_line1d_mid_rotor1_task_79.json,.\data\comp3stg\task_79\rotor2\Mis_line1d_mid_rotor2_task_79.json,.\data\comp3stg\task_79\rotor3\Mis_line1d_mid_rotor3_task_79.json,.\data\comp3stg\task_79\stator1\Mis_line1d_mid_stator1_task_79.json,.\data\comp3stg\task_79\stator2\Mis_line1d_mid_stator2_task_79.json,.\data\comp3stg\task_79\stator3\Mis_line1d_mid_stator3_task_79.json,.\data\comp3stg\task_79\rotor1\ent_area2d_exit_rotor1_task_79.json,.\data\comp3stg\task_79\rotor2\ent_area2d_exit_rotor2_task_79.json,.\data\comp3stg\task_79\rotor3\ent_area2d_exit_rotor3_task_79.json,.\data\comp3stg\task_79\stator1\ent_area2d_exit_stator1_task_79.json,.\data\comp3stg\task_79\stator2\ent_area2d_exit_stator2_task_79.json,.\data\comp3stg\task_79\stator3\ent_area2d_exit_stator3_task_79.json
.\data\task_80,Design E 100% p2_140000,83.8572,51.98112,Design E,1.710971,1,DA,1.04,171097.1,.\data\comp3stg\task_80\rotor1\Mis_line1d_mid_rotor1_task_80.json,.\data\comp3stg\task_80\rotor2\Mis_line1d_mid_rotor2_task_80.json,.\data\comp3stg\task_80\rotor3\Mis_line1d_mid_rotor3_task_80.json,.\data\comp3stg\task_80\stator1\Mis_line1d_mid_stator1_task_80.json,.\data\comp3stg\task_80\stator2\Mis_line1d_mid_stator2_task_80.json,.\data\comp3stg\task_80\stator3\Mis_line1d_mid_stator3_task_80.json,.\data\comp3stg\task_80\rotor1\ent_area2d_exit_rotor1_task_80.json,.\data\comp3stg\task_80\rotor2\ent_area2d_exit_rotor2_task_80.json,.\data\comp3stg\task_80\rotor3\ent_area2d_exit_rotor3_task_80.json,.\data\comp3stg\task_80\stator1\ent_area2d_exit_stator1_task_80.json,.\data\comp3stg\task_80\stator2\ent_area2d_exit_stator2_task_80.json,.\data\comp3stg\task_80\stator3\ent_area2d_exit_stator3_task_80.json
.\data\task_81,Design E 100% p2_150000,87.28711,51.96362,Design E,1.787782,1,GAC,0.96,178778.2,.\data\comp3stg\task_81\rotor1\Mis_line1d_mid_rotor1_task_81.json,.\data\comp3stg\task_81\rotor2\Mis_line1d_mid_rotor2_task_81.json,.\data\comp3stg\task_81\rotor3\Mis_line1d_mid_rotor3_task_81.json,.\data\comp3stg\task_81\stator1\Mis_line1d_mid_stator1_task_81.json,.\data\comp3stg\task_81\stator2\Mis_line1d_mid_stator2_task_81.json,.\data\comp3stg\task_81\stator3\Mis_line1d_mid_stator3_task_81.json,.\data\comp3stg\task_81\rotor1\ent_area2d_exit_rotor1_task_81.json,.\data\comp3stg\task_81\rotor2\ent_area2d_exit_rotor2_task_81.json,.\data\comp3stg\task_81\rotor3\ent_area2d_exit_rotor3_task_81.json,.\data\comp3stg\task_81\stator1\ent_area2d_exit_stator1_task_81.json,.\data\comp3stg\task_81\stator2\ent_area2d_exit_stator2_task_81.json,.\data\comp3stg\task_81\stator3\ent_area2d_exit_stator3_task_81.json
.\data\task_82,Design E 100% p2_160000,90.58338,51.70266,Design E,1.867255,1,DA,1,186725.5,.\data\comp3stg\task_82\rotor1\Mis_line1d_mid_rotor1_task_82.json,.\data\comp3stg\task_82\rotor2\Mis_line1d_mid_rotor2_task_82.json,.\data\comp3stg\task_82\rotor3\Mis_line1d_mid_rotor3_task_82.json,.\data\comp3stg\task_82\stator1\Mis_line1d_mid_stator1_task_82.json,.\data\comp3stg\task_82\stator2\Mis_line1d_mid_stator2_task_82.json,.\data\comp3stg\task_82\stator3\Mis_line1d_mid_stator3_task_82.json,.\data\comp3stg\task_82\rotor1\ent_area2d_exit_rotor1_task_82.json,.\data\comp3stg\task_82\rotor2\ent_area2d_exit_rotor2_task_82.json,.\data\comp3stg\task_82\rotor3\ent_area2d_exit_rotor3_task_82.json,.\data\comp3stg\task_82\stator1\ent_area2d_exit_stator1_task_82.json,.\data\comp3stg\task_82\stator2\ent_area2d_exit_stator2_task_82.json,.\data\comp3stg\task_82\stator3\ent_area2d_exit_stator3_task_82.json
.\data\task_83,Design E 100% p2_170000,91.92293,50.93889,Design E,1.946042,1,GAC,1.04,194604.2,.\data\comp3stg\task_83\rotor1\Mis_line1d_mid_rotor1_task_83.json,.\data\comp3stg\task_83\rotor2\Mis_line1d_mid_rotor2_task_83.json,.\data\comp3stg\task_83\rotor3\Mis_line1d_mid_rotor3_task_83.json,.\data\comp3stg\task_83\stator1\Mis_line1d_mid_stator1_task_83.json,.\data\comp3stg\task_83\stator2\Mis_line1d_mid_stator2_task_83.json,.\data\comp3stg\task_83\stator3\Mis_line1d_mid_stator3_task_83.json,.\data\comp3stg\task_83\rotor1\ent_area2d_exit_rotor1_task_83.json,.\data\comp3stg\task_83\rotor2\ent_area2d_exit_rotor2_task_83.json,.\data\comp3stg\task_83\rotor3\ent_area2d_exit_rotor3_task_83.json,.\data\comp3stg\task_83\stator1\ent_area2d_exit_stator1_task_83.json,.\data\comp3stg\task_83\stator2\ent_area2d_exit_stator2_task_83.json,.\data\comp3stg\task_83\stator3\ent_area2d_exit_stator3_task_83.json
.\data\task_84,Design E 100% p2_180000,92.65787,49.88093,Design E,2.025617,1,DA,0.96,202561.7,.\data\comp3stg\task_84\rotor1\Mis_line1d_mid_rotor1_task_84.json,.\data\comp3stg\task_84\rotor2\Mis_line1d_mid_rotor2_task_84.json,.\data\comp3stg\task_84\rotor3\Mis_line1d_mid_rotor3_task_84.json,.\data\comp3stg\task_84\stator1\Mis_line1d_mid_stator1_task_84.json,.\data\comp3stg\task_84\stator2\Mis_line1d_mid_stator2_task_84.json,.\data\comp3stg\task_84\stator3\Mis_line1d_mid_stator3_task_84.json,.\data\comp3stg\task_84\rotor1\ent_area2d_exit_rotor1_task_84.json,.\data\comp3stg\task_84\rotor2\ent_area2d_exit_rotor2_task_84.json,.\data\comp3stg\task_84\rotor3\ent_area2d_exit_rotor3_task_84.json,.\data\comp3stg\task_84\stator1\ent_area2d_exit_stator1_task_84.json,.\data\comp3stg\task_84\stator2\ent_area2d_exit_stator2_task_84.json,.\data\comp3stg\task_84\stator3\ent_area2d_exit_stator3_task_84.json
.\data\task_85,Design E 100% p2_190000,92.93235,48.42848,Design E,2.108197,1,GAC,1,210819.7,.\data\comp3stg\task_85\rotor1\Mis_line1d_mid_rotor1_task_85.json,.\data\comp3stg\task_85\rotor2\Mis_line1d_mid_rotor2_task_85.json,.\data\comp3stg\task_85\rotor3\Mis_line1d_mid_rotor3_task_85.json,.\data\comp3stg\task_85\stator1\Mis_line1d_mid_stator1_task_85.json,.\data\comp3stg\task_85\stator2\Mis_line1d_mid_stator2_task_85.json,.\data\comp3stg\task_85\stator3\Mis_line1d_mid_stator3_task_85.json,.\data\comp3stg\task_85\rotor1\ent_area2d_exit_rotor1_task_85.json,.\data\comp3stg\task_85\rotor2\ent_area2d_exit_rotor2_task_85.json,.\data\comp3stg\task_85\rotor3\ent_area2d_exit_rotor3_task_85.json,.\data\comp3stg\task_85\stator1\ent_area2d_exit_stator1_task_85.json,.\data\comp3stg\task_85\stator2\ent_area2d_exit_stator2_task_85.json,.\data\comp3stg\task_85\stator3\ent_area2d_exit_stator3_task_85.json
.\data\task_86,Design E 90% p2_110000,75.23375,46.90998,Design E,1.441849,0.9,DA,1.04,144184.9,.\data\comp3stg\task_86\rotor1\Mis_line1d_mid_rotor1_task_86.json,.\data\comp3stg\task_86\rotor2\Mis_line1d_mid_rotor2_task_86.json,.\data\comp3stg\task_86\rotor3\Mis_line1d_mid_rotor3_task_86.json,.\data\comp3stg\task_86\stator1\Mis_line1d_mid_stator1_task_86.json,.\data\comp3stg\task_86\stator2\Mis_line1d_mid_stator2_task_86.json,.\data\comp3stg\task_86\stator3\Mis_line1d_mid_stator3_task_86.json,.\data\comp3stg\task_86\rotor1\ent_area2d_exit_rotor1_task_86.json,.\data\comp3stg\task_86\rotor2\ent_area2d_exit_rotor2_task_86.json,.\data\comp3stg\task_86\rotor3\ent_area2d_exit_rotor3_task_86.json,.\data\comp3stg\task_86\stator1\ent_area2d_exit_stator1_task_86.json,.\data\comp3stg\task_86\stator2\ent_area2d_exit_stator2_task_86.json,.\data\comp3stg\task_86\stator3\ent_area2d_exit_stator3_task_86.json
.\data\task_87,Design E 90% p2_120000,80.87754,46.88672,Design E,1.495926,0.9,GAC,0.96,149592.6,.\data\comp3stg\task_87\rotor1\Mis_line1d_mid_rotor1_task_87.json,.\data\comp3stg\task_87\rotor2\Mis_line1d_mid_rotor2_task_87.json,.\data\comp3stg\task_87\rotor3\Mis_line1d_mid_rotor3_task_87.json,.\data\comp3stg\task_87\stator1\Mis_line1d_mid_stator1_task_87.json,.\data\comp3stg\task_87\stator2\Mis_line1d_mid_stator2_task_87.json,.\data\comp3stg\task_87\stator3\Mis_line1d_mid_stator3_task_87.json,.\data\comp3stg\task_87\rotor1\ent_area2d_exit_rotor1_task_87.json,.\data\comp3stg\task_87\rotor2\ent_area2d_exit_rotor2_task_87.json,.\data\comp3stg\task_87\rotor3\ent_area2d_exit_rotor3_task_87.json,.\data\comp3stg\task_87\stator1\ent_area2d_exit_stator1_task_87.json,.\data\comp3stg\task_87\stator2\ent_area2d_exit_stator2_task_87.json,.\data\comp3stg\task_87\stator3\ent_area2d_exit_stator3_task_87.json
.\data\task_88,Design E 90% p2_130000,85.77585,46.85796,Design E,1.560861,0.9,DA,1,156086.1,.\data\comp3stg\task_88\rotor1\Mis_line1d_mid_rotor1_task_88.json,.\data\comp3stg\task_88\rotor2\Mis_line1d_mid_rotor2_task_88.json,.\data\comp3stg\task_88\rotor3\Mis_line1d_mid_rotor3_task_88.json,.\data\comp3stg\task_88\stator1\Mis_line1d_mid_stator1_task_88.json,.\data\comp3stg\task_88\stator2\Mis_line1d_mid_stator2_task_88.json,.\data\comp3stg\task_88\stator3\Mis_line1d_mid_stator3_task_88.json,.\data\comp3stg\task_88\rotor1\ent_area2d_exit_rotor1_task_88.json,.\data\comp3stg\task_88\rotor2\ent_area2d_exit_rotor2_task_88.json,.\data\comp3stg\task_88\rotor3\ent_area2d_exit_rotor3_task_88.json,.\data\comp3stg\task_88\stator1\ent_area2d_exit_stator1_task_88.json,.\data\comp3stg\task_88\stator2\ent_area2d_exit_stator2_task_88.json,.\data\comp3stg\task_88\stator3\ent_area2d_exit_stator3_task_88.json
.\data\task_89,Design E 90% p2_140000,90.17789,46.39829,Design E,1.636157,0.9,GAC,1.04,163615.7,.\data\comp3stg\task_89\rotor1\Mis_line1d_mid_rotor1_task_89.json,.\data\comp3stg\task_89\rotor2\Mis_line1d_mid_rotor2_task_89.json,.\data\comp3stg\task_89\rotor3\Mis_line1d_mid_rotor3_task_89.json,.\data\comp3stg\task_89\stator1\Mis_line1d_mid_stator1_task_89.json,.\data\comp3stg\task_89\stator2\Mis_line1d_mid_stator2_task_89.json,.\data\comp3stg\task_89\stator3\Mis_line1d_mid_stator3_task_89.json,.\data\comp3stg\task_89\rotor1\ent_area2d_exit_rotor1_task_89.json,.\data\comp3stg\task_89\rotor2\ent_area2d_exit_rotor2_task_89.json,.\data\comp3stg\task_89\rotor3\ent_area2d_exit_rotor3_task_89.json,.\data\comp3stg\task_89\stator1\ent_area2d_exit_stator1_task_89.json,.\data\comp3stg\task_89\stator2\ent_area2d_exit_stator2_task_89.json,.\data\comp3stg\task_89\stator3\ent_area2d_exit_stator3_task_89.json
.\data\task_90,Design E 90% p2_150000,91.96588,45.31178,Design E,1.711298,0.9,DA,0.96,171129.8,.\data\comp3stg\task_90\rotor1\Mis_line1d_mid_rotor1_task_90.json,.\data\comp3stg\task_90\rotor2\Mis_line1d_mid_rotor2_task_90.json,.\data\comp3stg\task_90\rotor3\Mis_line1d_mid_rotor3_task_90.json,.\data\comp3stg\task_90\stator1\Mis_line1d_mid_stator1_task_90.json,.\data\comp3stg\task_90\stator2\Mis_line1d_mid_stator2_task_90.json,.\data\comp3stg\task_90\stator3\Mis_line1d_mid_stator3_task_90.json,.\data\comp3stg\task_90\rotor1\ent_area2d_exit_rotor1_task_90.json,.\data\comp3stg\task_90\rotor2\ent_area2d_exit_rotor2_task_90.json,.\data\comp3stg\task_90\rotor3\ent_area2d_exit_rotor3_task_90.json,.\data\comp3stg\task_90\stator1\ent_area2d_exit_stator1_task_90.json,.\data\comp3stg\task_90\stator2\ent_area2d_exit_stator2_task_90.json,.\data\comp3stg\task_90\stator3\ent_area2d_exit_stator3_task_90.json
.\data\task_91,Design E 90% p2_160000,92.88477,43.87972,Design E,1.787924,0.9,GAC,1,178792.4,.\data\comp3stg\task_91\rotor1\Mis_line1d_mid_rotor1_task_91.json,.\data\comp3stg\task_91\rotor2\Mis_line1d_mid_rotor2_task_91.json,.\data\comp3stg\task_91\rotor3\Mis_line1d_mid_rotor3_task_91.json,.\data\comp3stg\task_91\stator1\Mis_line1d_mid_stator1_task_91.json,.\data\comp3stg\task_91\stator2\Mis_line1d_mid_stator2_task_91.json,.\data\comp3stg\task_91\stator3\Mis_line1d_mid_stator3_task_91.json,.\data\comp3stg\task_91\rotor1\ent_area2d_exit_rotor1_task_91.json,.\data\comp3stg\task_91\rotor2\ent_area2d_exit_rotor2_task_91.json,.\data\comp3stg\task_91\rotor3\ent_area2d_exit_rotor3_task_91.json,.\data\comp3stg\task_91\stator1\ent_area2d_exit_stator1_task_91.json,.\data\comp3stg\task_91\stator2\ent_area2d_exit_stator2_task_91.json,.\data\comp3stg\task_91\stator3\ent_area2d_exit_stator3_task_91.json
.\data\task_92,Design E 90% p2_170000,93.07569,41.90397,Design E,1.864708,0.9,DA,1.04,186470.8,.\data\comp3stg\task_92\rotor1\Mis_line1d_mid_rotor1_task_92.json,.\data\comp3stg\task_92\rotor2\Mis_line1d_mid_rotor2_task_92.json,.\data\comp3stg\task_92\rotor3\Mis_line1d_mid_rotor3_task_92.json,.\data\comp3stg\task_92\stator1\Mis_line1d_mid_stator1_task_92.json,.\data\comp3stg\task_92\stator2\Mis_line1d_mid_stator2_task_92.json,.\data\comp3stg\task_92\stator3\Mis_line1d_mid_stator3_task_92.json,.\data\comp3stg\task_92\rotor1\ent_area2d_exit_rotor1_task_92.json,.\data\comp3stg\task_92\rotor2\ent_area2d_exit_rotor2_task_92.json,.\data\comp3stg\task_92\rotor3\ent_area2d_exit_rotor3_task_92.json,.\data\comp3stg\task_92\stator1\ent_area2d_exit_stator1_task_92.json,.\data\comp3stg\task_92\stator2\ent_area2d_exit_stator2_task_92.json,.\data\comp3stg\task_92\stator3\ent_area2d_exit_stator3_task_92.json
.\data\task_93,Design E 80% p2_90000,64.45296,42.15633,Design E,1.25899,0.8,GAC,0.96,125899,.\data\comp3stg\task_93\rotor1\Mis_line1d_mid_rotor1_task_93.json,.\data\comp3stg\task_93\rotor2\Mis_line1d_mid_rotor2_task_93.json,.\data\comp3stg\task_93\rotor3\Mis_line1d_mid_rotor3_task_93.json,.\data\comp3stg\task_93\stator1\Mis_line1d_mid_stator1_task_93.json,.\data\comp3stg\task_93\stator2\Mis_line1d_mid_stator2_task_93.json,.\data\comp3stg\task_93\stator3\Mis_line1d_mid_stator3_task_93.json,.\data\comp3stg\task_93\rotor1\ent_area2d_exit_rotor1_task_93.json,.\data\comp3stg\task_93\rotor2\ent_area2d_exit_rotor2_task_93.json,.\data\comp3stg\task_93\rotor3\ent_area2d_exit_rotor3_task_93.json,.\data\comp3stg\task_93\stator1\ent_area2d_exit_stator1_task_93.json,.\data\comp3stg\task_93\stator2\ent_area2d_exit_stator2_task_93.json,.\data\comp3stg\task_93\stator3\ent_area2d_exit_stator3_task_93.json
.\data\task_94,Design E 80% p2_100000,70.66078,42.14845,Design E,1.296783,0.8,DA,1,129678.3,.\data\comp3stg\task_94\rotor1\Mis_line1d_mid_rotor1_task_94.json,.\data\comp3stg\task_94\rotor2\Mis_line1d_mid_rotor2_task_94.json,.\data\comp3stg\task_94\rotor3\Mis_line1d_mid_rotor3_task_94.json,.\data\comp3stg\task_94\stator1\Mis_line1d_mid_stator1_task_94.json,.\data\comp3stg\task_94\stator2\Mis_line1d_mid_stator2_task_94.json,.\data\comp3stg\task_94\stator3\Mis_line1d_mid_stator3_task_94.json,.\data\comp3stg\task_94\rotor1\ent_area2d_exit_rotor1_task_94.json,.\data\comp3stg\task_94\rotor2\ent_area2d_exit_rotor2_task_94.json,.\data\comp3stg\task_94\rotor3\ent_area2d_exit_rotor3_task_94.json,.\data\comp3stg\task_94\stator1\ent_area2d_exit_stator1_task_94.json,.\data\comp3stg\task_94\stator2\ent_area2d_exit_stator2_task_94.json,.\data\comp3stg\task_94\stator3\ent_area2d_exit_stator3_task_94.json
.\data\task_95,Design E 80% p2_110000,79.43831,42.12217,Design E,1.348944,0.8,GAC,1.04,134894.4,.\data\comp3stg\task_95\rotor1\Mis_line1d_mid_rotor1_task_95.json,.\data\comp3stg\task_95\rotor2\Mis_line1d_mid_rotor2_task_95.json,.\data\comp3stg\task_95\rotor3\Mis_line1d_mid_rotor3_task_95.json,.\data\comp3stg\task_95\stator1\Mis_line1d_mid_stator1_task_95.json,.\data\comp3stg\task_95\stator2\Mis_line1d_mid_stator2_task_95.json,.\data\comp3stg\task_95\stator3\Mis_line1d_mid_stator3_task_95.json,.\data\comp3stg\task_95\rotor1\ent_area2d_exit_rotor1_task_95.json,.\data\comp3stg\task_95\rotor2\ent_area2d_exit_rotor2_task_95.json,.\data\comp3stg\task_95\rotor3\ent_area2d_exit_rotor3_task_95.json,.\data\comp3stg\task_95\stator1\ent_area2d_exit_stator1_task_95.json,.\data\comp3stg\task_95\stator2\ent_area2d_exit_stator2_task_95.json,.\data\comp3stg\task_95\stator3\ent_area2d_exit_stator3_task_95.json
.\data\task_96,Design E 80% p2_120000,86.85261,41.67131,Design E,1.415367,0.8,DA,0.96,141536.7,.\data\comp3stg\task_96\rotor1\Mis_line1d_mid_rotor1_task_96.json,.\data\comp3stg\task_96\rotor2\Mis_line1d_mid_rotor2_task_96.json,.\data\comp3stg\task_96\rotor3\Mis_line1d_mid_rotor3_task_96.json,.\data\comp3stg\task_96\stator1\Mis_line1d_mid_stator1_task_96.json,.\data\comp3stg\task_96\stator2\Mis_line1d_mid_stator2_task_96.json,.\data\comp3stg\task_96\stator3\Mis_line1d_mid_stator3_task_96.json,.\data\comp3stg\task_96\rotor1\ent_area2d_exit_rotor1_task_96.json,.\data\comp3stg\task_96\rotor2\ent_area2d_exit_rotor2_task_96.json,.\data\comp3stg\task_96\rotor3\ent_area2d_exit_rotor3_task_96.json,.\data\comp3stg\task_96\stator1\ent_area2d_exit_stator1_task_96.json,.\data\comp3stg\task_96\stator2\ent_area2d_exit_stator2_task_96.json,.\data\comp3stg\task_96\stator3\ent_area2d_exit_stator3_task_96.json
.\data\task_97,Design E 80% p2_130000,90.68043,40.50646,Design E,1.487385,0.8,GAC,1,148738.5,.\data\comp3stg\task_97\rotor1\Mis_line1d_mid_rotor1_task_97.json,.\data\comp3stg\task_97\rotor2\Mis_line1d_mid_rotor2_task_97.json,.\data\comp3stg\task_97\rotor3\Mis_line1d_mid_rotor3_task_97.json,.\data\comp3stg\task_97\stator1\Mis_line1d_mid_stator1_task_97.json,.\data\comp3stg\task_97\stator2\Mis_line1d_mid_stator2_task_97.json,.\data\comp3stg\task_97\stator3\Mis_line1d_mid_stator3_task_97.json,.\data\comp3stg\task_97\rotor1\ent_area2d_exit_rotor1_task_97.json,.\data\comp3stg\task_97\rotor2\ent_area2d_exit_rotor2_task_97.json,.\data\comp3stg\task_97\rotor3\ent_area2d_exit_rotor3_task_97.json,.\data\comp3stg\task_97\stator1\ent_area2d_exit_stator1_task_97.json,.\data\comp3stg\task_97\stator2\ent_area2d_exit_stator2_task_97.json,.\data\comp3stg\task_97\stator3\ent_area2d_exit_stator3_task_97.json
.\data\task_98,Design E 80% p2_140000,92.48801,38.82843,Design E,1.561165,0.8,DA,1.04,156116.5,.\data\comp3stg\task_98\rotor1\Mis_line1d_mid_rotor1_task_98.json,.\data\comp3stg\task_98\rotor2\Mis_line1d_mid_rotor2_task_98.json,.\data\comp3stg\task_98\rotor3\Mis_line1d_mid_rotor3_task_98.json,.\data\comp3stg\task_98\stator1\Mis_line1d_mid_stator1_task_98.json,.\data\comp3stg\task_98\stator2\Mis_line1d_mid_stator2_task_98.json,.\data\comp3stg\task_98\stator3\Mis_line1d_mid_stator3_task_98.json,.\data\comp3stg\task_98\rotor1\ent_area2d_exit_rotor1_task_98.json,.\data\comp3stg\task_98\rotor2\ent_area2d_exit_rotor2_task_98.json,.\data\comp3stg\task_98\rotor3\ent_area2d_exit_rotor3_task_98.json,.\data\comp3stg\task_98\stator1\ent_area2d_exit_stator1_task_98.json,.\data\comp3stg\task_98\stator2\ent_area2d_exit_stator2_task_98.json,.\data\comp3stg\task_98\stator3\ent_area2d_exit_stator3_task_98.json
.\data\task_99,Design E 80% p2_150000,93.01819,36.56581,Design E,1.635217,0.8,GAC,0.96,163521.7,.\data\comp3stg\task_99\rotor1\Mis_line1d_mid_rotor1_task_99.json,.\data\comp3stg\task_99\rotor2\Mis_line1d_mid_rotor2_task_99.json,.\data\comp3stg\task_99\rotor3\Mis_line1d_mid_rotor3_task_99.json,.\data\comp3stg\task_99\stator1\Mis_line1d_mid_stator1_task_99.json,.\data\comp3stg\task_99\stator2\Mis_line1d_mid_stator2_task_99.json,.\data\comp3stg\task_99\stator3\Mis_line1d_mid_stator3_task_99.json,.\data\comp3stg\task_99\rotor1\ent_area2d_exit_rotor1_task_99.json,.\data\comp3stg\task_99\rotor2\ent_area2d_exit_rotor2_task_99.json,.\data\comp3stg\task_99\rotor3\ent_area2d_exit_rotor3_task_99.json,.\data\comp3stg\task_99\stator1\ent_area2d_exit_stator1_task_99.json,.\data\comp3stg\task_99\stator2\ent_area2d_exit_stator2_task_99.json,.\data\comp3stg\task_99\stator3\ent_area2d_exit_stator3_task_99.json
